Eff,,Obj_A: % load met,Obj_B: Worst deficit (GW),Obj_C: Cost(£/MWh),Obj_D: CO2 (kg/MWh),GW_nuclear,GW_PV,GW_onshore_wind,GW_offshore_wind,GW_BECCS,GW_OCGT,GW_H2,h_H2,CV
0.18,0,72.88492988,-40.73740587,145.0645209,-73.11618245,5,22.25772375,20,21.0198617,2.5,0.219269095,46.4447556,209.3867915,[0.]
0.18,1,100,0,119.4928835,91.29387976,5,34.74670767,20,15.7015104,2.5,44.29596127,0.128450873,169.2618384,[0.]
0.18,2,74.0179531,-40.80403416,136.1897883,-71.06869253,5,31.56758372,20,19.52594762,2.5,0.288019654,47.20312229,42.89747601,[0.]
0.18,3,100,0,196.9804447,-55.77410695,5,83.82634863,20,72.17193026,2.5,0.71299817,47.1912424,985.3843776,[0.]
0.18,4,100,0,124.1280775,41.51780813,5,48.96131745,20,32.51804082,2.5,45.49191912,0.055508855,20.55363822,[0.]
0.18,5,76.90260692,-39.79644706,140.7473617,-62.94206888,5,21.89249233,20,25.84201642,2.5,0.723243075,44.20300501,155.7048151,[0.]
0.18,6,85.41530777,-39.40146382,140.0055076,-59.8223973,5,68.98520289,20,30.20068116,2.5,0.723243075,46.98527898,45.82942841,[0.]
0.18,7,88.3779598,-38.20824657,154.6533287,-62.20558174,5,30.5606035,20,49.68240618,2.5,0.151021707,49.8513907,206.8064991,[0.]
0.18,8,74.12958675,-40.15810233,149.7070436,-64.32292008,5,20.26939162,20,21.85112801,2.5,0.723243075,47.70723434,268.2541318,[0.]
0.18,9,99.8932043,-29.99586885,196.4685315,-55.8007309,5,81.08801925,20,72.17193026,2.5,0.71299817,47.16804077,982.5807868,[0.]
0.18,10,99.16569317,-35.02985186,193.7480386,-56.20043409,5,69.13703246,20,70.7570438,2.5,0.1123709,47.02040595,985.4549713,[0.]
0.18,11,99.80819776,-26.24128294,172.5632157,-53.99490231,5,81.11600193,20,74.13527835,2.5,9.902060163,45.87957906,268.013174,[0.]
0.18,12,97.81796597,-32.09564855,165.1275467,-50.92151414,5,28.80232072,20,76.53535234,2.5,3.830199271,47.61258155,184.6558519,[0.]
0.18,13,100,0,129.398223,20.87255952,5,55.42889417,20,38.74462907,2.5,46.0288327,6.018478807,122.7443789,[0.]
0.18,14,99.99987313,-1.008482399,170.213626,-46.54517468,5,70.49300426,20,91.25250667,2.5,33.58369335,20.07348577,133.3020054,[0.]
0.18,15,89.50109289,-37.43430207,188.4707323,-58.22716409,5,22.31913608,20,52.62117315,2.5,0.723243075,49.06418081,987.3557043,[0.]
0.18,16,98.5718045,-24.51120899,143.1865727,-16.67749808,5,66.77932786,20,46.04458609,2.5,14.17771941,32.43171559,169.3873588,[0.]
0.18,17,99.83466767,-28.85226971,174.7072751,-55.75906715,5,83.83864298,20,77.521999,2.5,1.146062833,47.16795173,250.3255513,[0.]
0.18,18,100,0,131.743021,14.54987117,5,68.87994276,20,40.05345485,2.5,46.7353097,5.8924422,122.7443789,[0.]
0.18,19,99.91652513,-12.01188854,144.2904438,-14.65276792,5,56.13948909,20,51.82504122,2.5,26.18904766,30.16613733,124.0601768,[0.]
0.18,20,100,0,121.7983646,57.75168812,5,56.17588339,20,22.19761545,2.5,44.72049222,2.026674969,123.2414607,[0.]
0.18,21,78.42132512,-40.24152773,141.8744547,-69.59042242,5,31.8388629,20,27.48370668,2.5,0.129392038,45.73920122,160.0957209,[0.]
0.18,22,100,0,119.9621798,80.09007069,5,34.74670767,20,19.44637473,2.5,45.55354755,0.128450873,15.37569449,[0.]
0.18,23,99.96555657,-9.537742847,145.4668786,-25.11947045,5,65.10937787,20,61.17685232,2.5,28.0991137,17.95058797,204.7407114,[0.]
0.18,24,80.05843391,-40.671474,146.7561101,-66.17832167,5,69.09860089,20,20.5135295,2.5,0.331084905,47.57204059,239.5963254,[0.]
0.18,25,99.62641417,-17.45217107,134.7206565,4.48432883,5,84.70677325,20,35.35586362,2.5,22.20537194,24.33961046,41.45269673,[0.]
0.18,26,99.82284179,-23.63261984,168.8322763,-51.78590786,5,62.78668741,20,75.42750447,2.5,11.22555608,46.33553109,209.6489616,[0.]
0.18,27,100,0,122.6642254,49.31561187,5,56.00083488,20,26.87159142,2.5,45.58246179,0.176969354,108.2622939,[0.]
0.18,28,99.87507528,-13.58019635,139.9788114,-11.89227233,5,72.69798473,20,46.89955055,2.5,25.03125497,24.23695404,123.71643,[0.]
0.18,29,99.75931376,-24.80993627,172.0698956,-52.97717845,5,81.11600193,20,78.61542791,2.5,10.9274146,45.80758216,124.4352386,[0.]
0.18,30,98.70535737,-34.00196719,183.1470107,-56.44152162,5,69.13703246,20,96.525475,2.5,0.1123709,46.00476934,46.9513737,[0.]
0.18,31,100,0,127.84143,24.78846316,5,45.05994929,20,38.37999853,2.5,41.33060653,7.42144608,79.65579026,[0.]
0.18,32,96.16661537,-34.29797939,187.1864131,-56.50211351,5,34.66320821,20,67.34106418,2.5,0.723243075,46.53801103,951.9947954,[0.]
0.18,33,99.64433983,-17.1118135,133.4737915,8.557969985,5,73.67376634,20,35.35586362,2.5,22.54572951,24.33696101,37.94543201,[0.]
0.18,34,99.99645007,-4.379987999,147.0385105,-26.69129833,5,71.64229612,20,60.20050167,2.5,33.31475983,19.2800123,190.4859737,[0.]
0.18,35,84.73130066,-36.49285152,144.7016802,-26.25433101,5,28.92875499,20,28.01194382,2.5,3.830199271,47.61258155,162.880543,[0.]
0.18,36,99.01251714,-22.35781229,138.4894963,-9.661627713,5,70.01964299,20,43.00210252,2.5,16.60682671,28.41391482,105.0640828,[0.]
0.18,37,99.99901142,-2.926211709,150.9918062,-32.03244863,5,69.80481502,20,64.33516249,2.5,34.51991982,20.2889284,256.6735009,[0.]
0.18,38,99.99279801,-7.309186544,158.8299998,-44.32538246,5,84.82118384,20,70.27447792,2.5,29.77745156,23.98727774,281.6654828,[0.]
0.18,39,99.97357354,-18.78891317,177.1713361,-55.15482002,5,90.71891411,20,77.26393071,2.5,11.22555608,47.15493728,241.3864379,[0.]
0.18,40,100,0,125.0651217,34.85677581,5,51.59551317,20,32.40101309,2.5,41.54633241,5.071622761,71.1023561,[0.]
0.18,41,100,0,123.4930002,48.35016393,5,34.74670767,20,32.89771872,2.5,45.69460087,0.128450873,118.9170015,[0.]
0.18,42,99.05956979,-22.02357028,139.5035853,-7.282238845,5,72.8318584,20,41.11731701,2.5,17.11186844,30.59387921,108.56577,[0.]
0.18,43,100,0,163.6597571,-20.95007903,5,29.33958838,20,63.08428675,2.5,42.3256851,48.14416843,176.3931554,[0.]
0.18,44,100,0,120.4817532,65.1603685,5,51.7401155,20,20.83748432,2.5,44.56576644,0.209909118,20.55363822,[0.]
0.18,45,83.50396371,-39.149542,142.5226137,-55.12669296,5,56.00083488,20,26.88788284,2.5,1.275371469,46.16456729,162.5421894,[0.]
0.18,46,100,0,121.0032805,60.70665422,5,55.97461333,20,21.82612527,2.5,44.61199333,0.124158607,110.2115244,[0.]
0.18,47,82.68792195,-40.17513705,149.42684,-60.90533168,5,81.08801925,20,21.66314885,2.5,0.723243075,47.70048573,277.3730175,[0.]
0.18,48,99.9989711,-2.735056337,150.7159799,-30.87653331,5,70.47698565,20,64.33516249,2.5,34.7109852,19.24843091,256.6735009,[0.]
0.18,49,98.29356491,-32.98712095,166.5668015,-53.5426026,5,39.41523246,20,77.29557573,2.5,2.869835246,48.15660196,178.7749325,[0.]
0.18,50,95.12449871,-37.18022182,161.3536985,-56.94720644,5,68.39199584,20,56.74005279,2.5,0.723243075,49.15581569,258.870229,[0.]
0.18,51,99.96259546,-10.91618258,154.8337679,-36.76211893,5,61.50784291,20,73.2305037,2.5,25.99565543,18.22407352,357.4329294,[0.]
0.18,52,100,0,132.4847121,11.37732367,5,84.61932972,20,38.37999853,2.5,41.26602805,7.42144608,79.65579026,[0.]
0.18,53,99.99747768,-10.81038677,177.4685664,-54.92785018,5,81.11600193,20,78.61542791,2.5,19.05122432,45.80758216,263.2893352,[0.]
0.18,54,99.97579295,-9.094905908,150.978412,-33.76672112,5,65.10937787,20,68.53425696,2.5,28.0991137,19.33384399,208.6775416,[0.]
0.18,55,99.94559169,-15.71492839,160.7892713,-44.88714603,5,52.74822585,20,73.99202398,2.5,21.15224691,33.2374895,268.4970051,[0.]
0.18,56,100,0,120.2206764,73.19943307,5,40.75682902,20,20.35373016,2.5,46.52292066,0.044633866,15.37569449,[0.]
0.18,57,99.92138624,-20.33640842,174.8968588,-53.82069422,5,66.04741887,20,91.45741127,2.5,14.23719883,31.14714896,264.4856823,[0.]
0.18,58,100,0,125.5101525,33.54048424,5,51.59551317,20,33.06588645,2.5,41.54633241,5.071622761,119.939673,[0.]
0.18,59,100,0,126.8849433,29.8929797,5,55.830011,20,34.0545274,2.5,45.53814601,5.024884293,110.2115244,[0.]
0.18,60,92.58996434,-34.69670779,156.7123622,-43.25306717,5,30.5606035,20,52.2055546,2.5,3.484749843,48.14416843,267.1858371,[0.]
0.18,61,92.9932051,-34.60350883,156.9629996,-43.51753423,5,32.84661565,20,52.66685464,2.5,3.549877456,48.13865231,268.391181,[0.]
0.18,62,100,0,120.2625565,69.67574312,5,49.25765114,20,19.61479013,2.5,45.44384622,0.210826721,109.7663402,[0.]
0.18,63,95.99115673,-36.26352095,164.5399422,-56.79761998,5,23.14048621,20,74.13527835,2.5,0.598995586,45.87957906,268.1598009,[0.]
0.18,64,99.9626858,-12.84742703,167.8702256,-50.49579062,5,71.66895463,20,86.08680754,2.5,22.21286562,26.2462624,189.6284133,[0.]
0.18,65,99.99475486,-5.408932134,155.0657616,-35.7521034,5,59.82969254,20,69.30479979,2.5,31.73941584,29.50570575,88.44207267,[0.]
0.18,66,99.44804028,-19.85585379,182.6814959,-55.84035023,5,21.89249233,20,97.23494597,2.5,0.710391701,49.32044442,258.870229,[0.]
0.18,67,78.33449283,-39.80132888,179.3176564,-67.74622341,5,49.16679186,20,20.46599068,2.5,0.288019654,47.57204059,959.2664995,[0.]
0.18,68,81.76436768,-38.72066357,142.717406,-57.65614779,5,22.31913608,20,34.3454578,2.5,1.028442658,48.16234884,81.71170692,[0.]
0.18,69,77.66245221,-40.37218189,139.6544324,-70.22020179,5,31.68247514,20,26.04192989,2.5,0.129392038,45.73920122,121.6749952,[0.]
0.18,70,97.04347432,-33.36980501,161.5562409,-49.8242865,5,32.42901662,20,70.29290256,2.5,3.722737924,47.61441213,184.6558519,[0.]
0.18,71,89.36380725,-38.05474232,153.9701771,-61.81141228,5,30.5606035,20,52.47107775,2.5,0.110733667,47.57503661,206.3965385,[0.]
0.18,72,92.14682507,-37.69679136,153.5400535,-59.70039765,5,38.66877858,20,56.74454362,2.5,0.210382318,45.73920122,187.2922328,[0.]
0.18,73,97.88436124,-32.98712095,165.7788318,-52.88304382,5,31.55409961,20,77.29557573,2.5,2.869835246,48.15660196,178.7749325,[0.]
0.18,74,98.83818743,-22.77060919,137.3393904,-4.599884069,5,57.1996697,20,43.00210252,2.5,16.19402981,28.41391482,105.0640828,[0.]
0.18,75,77.46009958,-40.71884723,135.1932282,-68.42555282,5,49.16679186,20,20.46599068,2.5,0.288019654,47.57204059,19.23106561,[0.]
0.18,76,99.87387192,-14.99281554,147.4515346,-30.43644829,5,71.47494447,20,59.87727424,2.5,22.72140952,24.37594275,179.6557029,[0.]
0.18,77,93.42264787,-36.8005058,157.7378101,-57.21084097,5,29.33958838,20,63.13560964,2.5,0.723243075,48.14416843,176.3931554,[0.]
0.18,78,99.32728708,-22.90620252,149.5109333,-34.79641808,5,66.77932786,20,62.62113623,2.5,14.64350005,31.21397985,75.75087441,[0.]
0.18,79,100,0,120.2050311,78.63875352,5,34.74670767,20,19.79155796,2.5,45.55354755,0.721269562,20.55363822,[0.]
0.18,80,94.73988273,-36.57030797,187.8219666,-56.93343262,5,22.61429769,20,67.38119309,2.5,0.698802588,48.14416843,907.3333413,[0.]
0.18,81,99.98570939,-6.916253093,136.3994721,-0.238708294,5,87.7515112,20,39.41677451,2.5,32.3732892,18.24437352,105.9939415,[0.]
0.18,82,100,0,127.3087754,28.61986159,5,50.3371476,20,35.88838828,2.5,44.47170938,6.355538451,23.86221172,[0.]
0.18,83,97.35526528,-34.19924439,165.7145767,-56.20729311,5,29.68829763,20,77.58532769,2.5,0.712876347,47.14126227,208.4729794,[0.]
0.18,84,81.59567768,-40.22653782,146.4311661,-60.72524452,5,74.81263332,20,20.5135295,2.5,0.776021084,47.13936121,239.4449643,[0.]
0.18,85,78.33224723,-40.32544157,141.7266245,-70.66373005,5,31.8388629,20,27.48370668,2.5,0.0454782,45.73920122,160.0957209,[0.]
0.18,86,99.70424313,-21.49945536,155.680933,-41.78468387,5,53.08640444,20,71.63923833,2.5,15.50928716,31.31104559,194.8344202,[0.]
0.18,87,99.9188072,-16.59118809,162.7438315,-48.73434809,5,65.05837234,20,81.79807871,2.5,18.8577502,26.26571269,205.6007631,[0.]
0.18,88,99.98442532,-7.103846796,138.9633203,-2.225321854,5,84.82118384,20,39.41677451,2.5,32.18569549,23.98881655,112.7726999,[0.]
0.18,89,99.99369612,-5.64432462,148.7149285,-29.47167568,5,66.49191136,20,62.14439104,2.5,31.93411138,21.5576814,211.7964702,[0.]
0.18,90,80.83924425,-39.13213995,145.8965994,-61.26918177,5,21.85435784,20,33.17268681,2.5,0.723243075,44.20162473,242.3448029,[0.]
0.18,91,99.99292247,-6.255096447,157.6431428,-41.7149092,5,84.82118384,20,67.97245414,2.5,30.97009883,23.98727774,283.9730852,[0.]
0.18,92,90.9154172,-35.04850004,154.4814913,-40.62787111,5,30.5606035,20,46.36078952,2.5,3.484749843,48.14416843,267.1858371,[0.]
0.18,93,98.87621126,-34.22415072,180.4074861,-56.35283126,5,66.3986666,20,94.07366591,2.5,0.1123709,45.98156771,61.89111868,[0.]
0.18,94,88.52119914,-38.20824657,152.5243314,-62.11137326,5,30.5606035,20,49.68240618,2.5,0.151021707,47.57035669,206.3920112,[0.]
0.18,95,93.91627764,-36.70327127,154.1916,-57.08919165,5,30.62620017,20,64.74822703,2.5,0.723243075,44.39940746,128.3317408,[0.]
0.18,96,99.99997564,-0.409926031,134.8174072,6.952241039,5,69.5058453,20,38.48208853,2.5,38.96431773,19.30937343,68.24481766,[0.]
0.18,97,99.92641325,-14.60785027,163.1994795,-45.05939052,5,52.74822585,20,78.47217355,2.5,21.14248234,36.25325427,124.9190699,[0.]
0.18,98,84.83749461,-39.5231705,139.5085663,-60.03619339,5,68.98520289,20,28.85764031,2.5,0.723243075,46.98527898,45.82942841,[0.]
0.18,99,99.43289992,-21.25705903,176.4734815,-55.83988486,5,30.65033333,20,91.45741127,2.5,0.701138731,45.64224706,264.4856823,[0.]
0.18,0,100,0,119.3983161,73.46055234,5,45.58347281,20,16.61233032,2.5,42.79634451,3.785508484,48.32088681,[0.]
0.18,1,74.98625958,-41.21210954,129.9216257,-72.7437399,5,39.88532409,20,16.86035553,2.5,0.121500877,45.85080878,8.721256011,[0.]
0.18,2,99.9017855,-31.94186764,200.9956027,-55.81720953,5,87.47080867,20,110.8377735,2.5,0.315629022,49.94220343,48.44537031,[0.]
0.18,3,99.92067153,-32.27409668,185.1776338,-55.80109749,5,39.2654221,20,106.5768456,2.5,0.574037901,46.38476422,70.71632417,[0.]
0.18,4,100,0,148.0062221,-55.77410695,5,78.46526486,20,45.07067095,2.5,8.758483081,43.49624483,457.6896847,[0.]
0.18,5,99.9908711,-5.909036154,120.0117896,39.00335093,5,65.00221456,20,21.22206628,2.5,35.02931498,9.29667167,61.89500705,[0.]
0.18,6,85.68653026,-37.63220077,128.0005307,-35.87366257,5,58.64240612,20,19.51285385,2.5,3.461039607,41.68706319,22.87309304,[0.]
0.18,7,99.95351428,-26.26479223,145.7999131,-55.56565152,5,78.46526486,20,44.86719912,2.5,8.758483081,41.15979029,457.8528323,[0.]
0.18,8,100,0,119.9391874,62.64373589,5,34.79886289,20,23.47597561,2.5,41.30852132,2.977933175,150.6881665,[0.]
0.18,9,77.31894284,-40.94522461,130.3259369,-71.02656855,5,40.17167608,20,20.1166318,2.5,0.09330126,46.39161228,8.428275031,[0.]
0.18,10,74.99901804,-41.21210954,130.3531959,-72.73288894,5,39.88532409,20,16.86035553,2.5,0.121500877,46.45573302,8.721256011,[0.]
0.18,11,99.9999248,-0.861169822,122.9125472,17.52790879,5,51.4582395,20,29.90845457,2.5,39.29001871,13.13228416,143.704677,[0.]
0.18,12,90.54700389,-36.69479548,130.0896876,-43.03370039,5,58.33628097,20,29.85717952,2.5,3.461039607,42.70755987,27.48369093,[0.]
0.18,13,100,0,121.8166269,46.79684517,5,73.4374584,20,20.18806655,2.5,45.92879006,4.253714414,47.42429501,[0.]
0.18,14,84.40115338,-39.42389378,133.3590354,-61.51831962,5,39.70034926,20,31.59965345,2.5,0.574037901,46.38476422,8.577533229,[0.]
0.18,15,99.99527686,-11.26148841,147.858375,-55.12419833,5,85.50591866,20,42.73913669,2.5,23.96498838,30.82949436,844.3918111,[0.]
0.18,16,99.15837237,-29.50638884,136.7757718,-49.99118476,5,66.02849527,20,46.79159684,2.5,8.996182935,39.90928057,148.4259007,[0.]
0.18,17,86.47760166,-40.66663331,132.0378866,-62.58092997,5,86.39984788,20,20.7410373,2.5,0.315308788,49.84504427,22.78705615,[0.]
0.18,18,99.99755046,-3.903598437,121.0614778,30.68256355,5,66.50560305,20,23.67377376,2.5,36.81257837,10.49033473,40.68483763,[0.]
0.18,19,99.99909401,-2.354605441,127.1973309,-17.03037458,5,51.4582395,20,45.55797386,2.5,36.37841988,13.13363665,143.3502752,[0.]
0.18,20,100,0,121.1978051,56.36728861,5,78.31072409,20,16.33946307,2.5,41.79883751,3.785508484,91.93452605,[0.]
0.18,21,99.95547799,-19.66567325,143.993688,-53.62876303,5,44.89213262,20,57.46519837,2.5,13.07042779,39.87678096,250.9190226,[0.]
0.18,22,100,0,129.1257289,-8.06675167,5,49.00633936,20,44.32244072,2.5,45.42336504,9.040067264,457.7563731,[0.]
0.18,23,88.06772651,-37.19373824,128.7002968,-39.39883765,5,58.33628097,20,24.35131518,2.5,3.461039607,42.18337408,22.87309304,[0.]
0.18,24,87.72815817,-39.57880974,138.8102909,-60.97708223,5,87.10438739,20,21.015726,2.5,0.472371873,48.42028196,223.8747511,[0.]
0.18,25,80.29003144,-39.7245739,132.8968063,-58.66457237,5,34.1862138,20,23.46538155,2.5,1.010487463,48.46977315,19.64798971,[0.]
0.18,26,99.98706043,-9.216080817,145.5217004,-52.79556791,5,83.88943824,20,60.82499461,2.5,26.52252544,25.80659698,159.5153485,[0.]
0.18,27,81.42346004,-40.18246023,131.9368089,-63.25704931,5,44.22361347,20,23.52795833,2.5,0.546930413,48.58148579,14.24402841,[0.]
0.18,28,100,0,121.4797647,50.99674564,5,73.4374584,20,20.18806655,2.5,42.83595769,2.465203716,47.42429501,[0.]
0.18,29,99.99758816,-3.903598437,122.4419904,22.30758347,5,77.14383585,20,23.67377376,2.5,36.81257837,13.08590168,40.68483763,[0.]
0.18,30,99.35380117,-33.72608695,200.0654176,-55.94810054,5,69.33849505,20,114.6917509,2.5,0.689179851,48.70350554,19.31243446,[0.]
0.18,31,99.99562735,-4.651153154,124.4557916,-5.217803996,5,49.86871102,20,39.27357837,2.5,34.6513656,13.16084016,179.6755077,[0.]
0.18,32,99.95056152,-15.59478068,145.0110561,-55.30852469,5,52.59394078,20,56.99749385,2.5,9.238795096,39.88685889,278.9658912,[0.]
0.18,33,99.87716583,-17.59566294,136.1247798,-46.31583404,5,76.67382964,20,45.06998536,2.5,21.0091063,34.40561077,164.2750877,[0.]
0.18,34,91.73161198,-38.27597689,141.4993035,-59.60421688,5,44.90292885,20,47.14930499,2.5,0.312841624,49.72825423,15.53636376,[0.]
0.18,35,100,0,123.5874868,10.11726273,5,73.4374584,20,29.24098846,2.5,41.85354182,10.8135772,126.2375676,[0.]
0.18,36,100,0,127.0306259,0.019220613,5,54.29824325,20,36.08111266,2.5,46.26862345,17.37702921,55.1552411,[0.]
0.18,37,88.57990601,-37.4081145,130.3500622,-45.23121132,5,45.70434839,20,29.73613157,2.5,2.758689983,42.44289812,60.4719079,[0.]
0.18,38,99.99126483,-14.00776572,147.4086347,-55.14647202,5,85.50591866,20,42.73913669,2.5,21.21871107,30.82949436,844.3918111,[0.]
0.18,39,79.28667007,-40.48745009,131.7459208,-64.40568539,5,44.70252866,20,20.16237625,2.5,0.546930413,48.58255145,14.24402841,[0.]
0.18,40,100,0,122.1000303,31.84275309,5,46.69995518,20,29.46612099,2.5,46.06622776,6.554230096,95.38081428,[0.]
0.18,41,94.21819162,-38.17250548,143.6326249,-57.84251523,5,80.70758463,20,45.70793412,2.5,0.546930413,48.12292901,14.24402841,[0.]
0.18,42,82.07094352,-40.63584564,132.123218,-62.86757226,5,66.43422274,20,18.21388183,2.5,0.575107893,49.71947289,29.87009813,[0.]
0.18,43,77.80509393,-40.86044122,130.4287012,-70.2761377,5,40.15991838,20,20.7410373,2.5,0.121500877,46.45573302,8.721256011,[0.]
0.18,44,96.60725707,-35.26181323,134.142586,-51.25659442,5,51.90176494,20,45.23970712,2.5,3.500053498,41.02849096,106.9972411,[0.]
0.18,45,99.09886237,-24.94892906,133.8258965,-38.72852814,5,76.84658037,20,39.67640412,2.5,14.31708553,38.38369945,92.94506357,[0.]
0.18,46,78.72462356,-40.41003063,132.108697,-64.31780036,5,39.71723098,20,20.68324134,2.5,0.577148953,48.58255145,14.24402841,[0.]
0.18,47,94.85794241,-38.27392606,144.5238783,-58.13323805,5,78.05003006,20,47.17193602,2.5,0.312841624,49.93677912,17.89562674,[0.]
0.18,48,99.99686995,-4.263264994,122.3829132,22.30415255,5,77.14383585,20,23.67377376,2.5,36.45291182,13.08590168,40.68483763,[0.]
0.18,49,93.39867365,-38.87725995,140.2344513,-58.97759971,5,77.16488494,20,41.03119326,2.5,0.265983328,49.80454836,17.62631884,[0.]
0.18,50,99.97883777,-8.46848492,127.6941451,-27.60715635,5,76.64563641,20,39.14660683,2.5,30.84554003,19.47095529,198.8399142,[0.]
0.18,51,99.99291581,-16.59935261,146.6840479,-55.73172973,5,78.46526486,20,45.57211048,2.5,8.758483081,41.51272315,457.8528323,[0.]
0.18,52,99.99996156,-0.473197218,131.902579,-33.00311909,5,87.19942592,20,42.91350857,2.5,38.49947019,19.81022947,100.7713238,[0.]
0.18,53,99.98841318,-7.485441164,128.630332,-25.17771529,5,59.10425001,20,41.34340113,2.5,31.34598058,19.47095529,318.9813159,[0.]
0.18,54,93.62169612,-37.2731069,135.2200107,-52.88514377,5,85.47442556,20,29.55924862,2.5,2.264064381,42.44289812,223.0291836,[0.]
0.18,55,99.98322582,-12.86905338,146.9600239,-54.81990984,5,84.44910681,20,42.73913669,2.5,23.81156228,31.00865865,805.1471557,[0.]
0.18,56,99.97732743,-8.581725345,134.4600345,-38.35320127,5,84.60859407,20,39.14660683,2.5,30.73229961,30.943395,198.8399142,[0.]
0.18,57,95.63712971,-36.68190041,139.3401369,-53.38217555,5,77.12321173,20,41.17566547,2.5,2.448250761,49.80075328,33.13215488,[0.]
0.18,58,99.94778062,-23.52154226,144.9707761,-55.3600576,5,52.59394078,20,56.86703042,2.5,9.273286737,38.35639484,320.7368292,[0.]
0.18,59,96.35876758,-38.07163323,140.5543128,-57.5586201,5,44.9170637,20,50.63852721,2.5,0.202220755,49.71947289,80.05172778,[0.]
0.18,60,99.99870651,-2.895346025,128.5286442,-21.68078398,5,51.4582395,20,48.5276387,2.5,35.56856756,13.13363665,143.3502752,[0.]
0.18,61,90.04574901,-37.86476136,129.8863485,-50.26525069,5,58.13852413,20,30.15522942,2.5,2.264064381,42.44289812,60.4719079,[0.]
0.18,62,99.09393456,-34.45568845,187.2372572,-55.9982251,5,76.36339222,20,101.0938718,2.5,0.777084565,45.46292296,19.30218312,[0.]
0.18,63,83.07685759,-40.46137692,131.1058188,-62.35176382,5,65.16749905,20,20.1166318,2.5,0.577148953,48.68921588,19.70331024,[0.]
0.18,64,89.85561208,-39.64509305,133.7857135,-60.68231996,5,69.93122125,20,32.08345117,2.5,0.308996763,48.18745493,19.64798971,[0.]
0.18,65,100,0,124.9650007,7.52291097,5,78.77921133,20,30.98079485,2.5,45.64288053,9.040067264,107.8454537,[0.]
0.18,66,99.30755828,-33.86210358,197.626559,-55.95735825,5,69.33849505,20,112.1150297,2.5,0.70825423,48.58255145,19.31243446,[0.]
0.18,67,99.98858362,-7.484754145,128.918827,-27.99183868,5,64.23620315,20,41.34340113,2.5,31.34598058,19.47095529,318.9813159,[0.]
0.18,68,99.99796869,-3.578577145,123.5152295,4.518221353,5,51.06430892,20,36.08147224,2.5,36.01321104,12.88947897,78.13036464,[0.]
0.18,69,78.13033481,-40.46448797,130.6190544,-64.65364269,5,39.76026491,20,20.1166318,2.5,0.574037901,46.39161228,8.577533229,[0.]
0.18,70,89.01721157,-36.09906689,129.4531018,-31.20716389,5,58.33628097,20,24.35131518,2.5,4.555710957,42.18337408,13.49463701,[0.]
0.18,71,98.27092645,-32.21406576,135.9941821,-49.09408853,5,90.54937093,20,37.42499152,2.5,7.255972385,42.43603799,142.6666161,[0.]
0.18,72,99.96043149,-20.97224272,144.3092909,-55.00709129,5,51.66202208,20,56.92620345,2.5,11.81721641,38.7626934,277.3489001,[0.]
0.18,73,92.91923411,-38.38107843,141.2897381,-59.73240271,5,49.01687876,20,48.40730646,2.5,0.093739688,48.86941383,19.67025516,[0.]
0.18,74,99.99991319,-1.121276657,137.4519085,-46.67936128,5,83.94194727,20,48.43095838,2.5,37.35139812,26.1019401,158.1200332,[0.]
0.18,75,100,0,125.9844549,2.280337148,5,47.10011463,20,37.09150337,2.5,48.21923088,12.51339012,204.1009398,[0.]
0.18,76,91.78948135,-38.62838006,139.8769077,-60.54813611,5,44.4809572,20,46.07355799,2.5,0.057922906,49.46618369,19.67025516,[0.]
0.18,77,88.93637891,-36.16880719,129.4308442,-31.6687318,5,58.33628097,20,24.35131518,2.5,4.485970657,42.18337408,13.49463701,[0.]
0.18,78,99.51297923,-32.72421288,190.5638931,-55.93171526,5,66.30208902,20,105.4841309,2.5,0.57828965,48.58713349,29.48363305,[0.]
0.18,79,98.80833803,-32.96571345,144.2247008,-56.37451564,5,43.09691468,20,54.84068337,2.5,0.120098569,49.46618369,173.6916004,[0.]
0.18,80,99.90255562,-17.17619672,142.6768674,-48.45723677,5,90.34062801,20,43.59288438,2.5,21.51564859,43.61918103,142.321517,[0.]
0.18,81,99.8552036,-22.29847309,139.7990182,-52.96730881,5,83.66614273,20,44.98261399,2.5,14.22969742,38.38369945,246.5303247,[0.]
0.18,82,89.07425687,-36.09906689,129.6148957,-31.34668811,5,56.71872869,20,24.35131518,2.5,4.555710957,42.82943338,20.63465171,[0.]
0.18,83,97.00204331,-36.70205102,138.708623,-54.21295388,5,77.12321173,20,40.95330223,2.5,2.448250761,49.87890907,80.90026529,[0.]
0.18,84,99.67065644,-20.57950068,144.5038089,-54.58055995,5,35.57532975,20,61.37839621,2.5,4.695415569,39.87678096,250.9190226,[0.]
0.18,85,97.22308188,-35.0098231,136.7805474,-52.02960388,5,47.80946732,20,48.45095461,2.5,3.461039607,43.43033553,106.9972411,[0.]
0.18,86,99.773274,-32.46308893,194.9759553,-55.88676781,5,87.33539752,20,105.4841309,2.5,0.165522607,48.58713349,40.5284337,[0.]
0.18,87,92.43589804,-38.77340444,139.1530558,-59.94438821,5,44.55112846,20,40.44322438,2.5,0.114146544,48.64468365,173.6916004,[0.]
0.18,88,98.60947566,-29.62505118,135.5468907,-46.86954354,5,66.02849527,20,46.79159684,2.5,8.996182935,38.37930572,86.08330149,[0.]
0.18,89,97.67585617,-34.52918715,191.7188859,-56.9647385,5,41.15232985,20,110.8377735,2.5,0.121821117,46.51627955,9.571067092,[0.]
0.18,90,99.22982523,-30.15601525,138.1995156,-51.63008894,5,78.46526486,20,45.07083069,2.5,8.448463288,41.33170861,150.4371104,[0.]
0.18,91,80.00631889,-40.1951873,130.8246818,-63.70995704,5,47.04582586,20,23.19922905,2.5,0.563992871,43.63003039,2.523374543,[0.]
0.18,92,95.30330112,-37.58982891,136.085023,-53.8255728,5,86.23863312,20,33.18912608,2.5,2.264064381,42.44289812,223.0291836,[0.]
0.18,93,99.94553694,-13.40532822,143.2412841,-53.93739238,5,45.19025814,20,56.92620345,2.5,11.81721641,38.7626934,277.3489001,[0.]
0.18,94,84.00047309,-40.08392959,132.8919351,-65.21145887,5,42.93071608,20,28.98735228,2.5,0.150729452,48.91940415,17.25554865,[0.]
0.18,95,81.90487358,-40.86718311,129.9240618,-67.08818434,5,63.25808876,20,20.7410373,2.5,0.114758987,46.45573302,8.721256011,[0.]
0.18,96,83.98365063,-39.6601361,136.6390016,-61.97816665,5,76.6405882,20,17.94702974,2.5,0.577148953,45.18226028,226.9746259,[0.]
0.18,97,99.63420596,-32.38717621,196.8291153,-55.89472845,5,76.81874885,20,109.2053306,2.5,0.578110308,49.71947289,29.48363305,[0.]
0.18,98,98.95483861,-34.4571126,185.1825148,-56.0228297,5,65.72515941,20,101.0938718,2.5,0.777084565,45.46292296,19.30218312,[0.]
0.18,99,99.99948703,-1.985116052,128.9321219,-22.27760954,5,42.33734791,20,46.84073103,2.5,36.63166551,18.67887122,161.5916162,[0.]
0.18,0,99.89503524,-33.75901513,187.1684109,-55.83092609,5,47.01098134,20,91.79891653,2.5,0.063682099,49.43630602,388.1025122,[0.]
0.18,1,100,0,119.3618191,96.65360354,5,50.182869,20,9.87991431,2.5,43.02765358,1.260290903,83.7758182,[0.]
0.18,2,62.1140245,-42.60534751,140.7129813,-89.65861574,5,36.37583127,20,2.762161748,2.5,0.005844619,49.82064663,66.02636353,[0.]
0.18,3,99.99263975,-26.44110514,178.517795,-55.77575849,5,46.5768755,20,89.53775663,2.5,0.775368438,49.48321291,226.9572171,[0.]
0.18,4,99.95765926,-27.7157933,169.960639,-55.78447684,5,60.33633717,20,80.94572819,2.5,0.761317769,49.87361008,133.9220448,[0.]
0.18,5,99.74835113,-32.90986812,179.1310106,-55.84444573,5,68.04370373,20,92.12546748,2.5,0.761123897,49.44369783,51.53989514,[0.]
0.18,6,97.34342386,-35.69295209,170.9837387,-56.40033209,5,68.42164906,20,81.16696168,2.5,0.740270609,48.53225368,10.98049898,[0.]
0.18,7,99.80483902,-15.85893839,127.3227509,-21.73540539,5,66.69288514,20,37.57245173,2.5,23.59773687,20.95233817,286.0302317,[0.]
0.18,8,99.96926929,-8.770502016,124.2548569,0.040093012,5,79.25837398,20,30.08639709,2.5,31.36456132,13.93880954,232.1763051,[0.]
0.18,9,99.99604805,-19.47422607,165.8703909,-55.77469497,5,59.8439597,20,76.77375206,2.5,0.990551352,49.39460437,142.4739633,[0.]
0.18,10,97.25011451,-34.78184979,182.2036965,-56.35919555,5,51.13748846,20,96.35236344,2.5,0.739688253,48.75525295,8.223365625,[0.]
0.18,11,99.99966684,-1.79061921,119.8182685,68.8939195,5,49.73406949,20,15.94828833,2.5,39.62564295,6.722566584,97.23540504,[0.]
0.18,12,99.87741179,-13.52355403,126.5362353,-16.62308785,5,67.69940826,20,37.57245173,2.5,25.93312123,22.26131316,71.78236635,[0.]
0.18,13,82.27422075,-39.616809,151.1732328,-65.71100434,5,42.6137467,20,24.50669038,2.5,0.230209957,49.48397163,435.109948,[0.]
0.18,14,100,0,119.4348909,81.58732361,5,54.64192443,20,12.98128178,2.5,43.02765358,2.177721231,83.7758182,[0.]
0.18,15,99.98750471,-6.738852826,126.7776776,-19.39677938,5,59.49514077,20,44.32573939,2.5,32.10583788,12.67887874,211.6311234,[0.]
0.18,16,99.87047047,-15.30421369,131.9063006,-38.82005314,5,70.13559034,20,46.82295892,2.5,23.31417838,25.68877094,112.978391,[0.]
0.18,17,99.92063682,-12.93178291,127.9072565,-24.93264151,5,67.44864132,20,38.71704637,2.5,26.05660019,20.95233817,287.1893462,[0.]
0.18,18,99.99747034,-3.967420282,125.6775185,-3.19628669,5,65.26781754,20,34.53513369,2.5,35.76449748,12.91326996,353.0590114,[0.]
0.18,19,99.97975686,-7.652687125,123.1182278,6.148504128,5,59.07651588,20,32.30038732,2.5,32.28174389,12.67887874,246.2503696,[0.]
0.18,20,100,0,120.9869145,44.11839824,5,59.51436063,20,20.93107963,2.5,43.63146084,8.564944541,60.05094551,[0.]
0.18,21,98.75717678,-33.26195192,144.3920014,-52.81326255,5,41.68699156,20,55.19290409,2.5,4.597953704,49.4192979,131.2197851,[0.]
0.18,22,93.91234818,-35.84145976,133.1181782,-45.20980229,5,78.15922277,20,30.10326246,2.5,4.292075234,45.49740983,81.34918602,[0.]
0.18,23,100,0,120.9139123,58.62069037,5,48.87546852,20,21.79191428,2.5,42.98817057,2.236171384,670.2442303,[0.]
0.18,24,99.99438426,-5.333978188,131.2171431,-34.16588803,5,80.85237769,20,43.64859631,2.5,33.57207539,15.78676468,393.3529009,[0.]
0.18,25,99.86957543,-24.71849604,155.1185072,-55.84301468,5,55.45018327,20,67.0675583,2.5,0.068088908,48.63424979,140.0982091,[0.]
0.18,26,74.92951841,-40.43186933,133.3539483,-63.49227346,5,28.46114659,20,18.2570249,2.5,0.775174569,48.24463319,12.55639306,[0.]
0.18,27,99.99897079,-2.572520427,128.1417128,-14.1037498,5,49.81047449,20,47.91187838,2.5,35.9471935,9.574805841,229.5014831,[0.]
0.18,28,95.30957254,-36.01521974,167.3312615,-58.01799226,5,26.16626962,20,84.53771517,2.5,0.220776485,47.1261398,10.98049898,[0.]
0.18,29,80.52265512,-40.53765478,147.6906608,-68.63459154,5,37.51530317,20,24.94103958,2.5,0.063682099,46.27211261,395.2522504,[0.]
0.18,30,75.63287717,-41.4186037,132.4772894,-72.99731129,5,48.06746884,20,15.28106707,2.5,0.058122218,44.94488651,98.16369977,[0.]
0.18,31,68.06278074,-42.48942181,139.2840215,-80.86570609,5,58.8438013,20,3.439972303,2.5,0.060346962,49.24978899,117.3820944,[0.]
0.18,32,93.12867334,-38.79545974,133.807992,-56.94929854,5,72.40384507,20,34.00367759,2.5,0.9846187,47.08439911,75.87624031,[0.]
0.18,33,67.16108767,-41.89614993,141.2814047,-81.92503436,5,30.15876653,20,10.00776817,2.5,0.058443605,49.39297179,116.4030498,[0.]
0.18,34,88.24858706,-38.82950736,129.7912902,-51.24728855,5,78.15922277,20,22.10091652,2.5,2.02920215,42.80258332,81.34918602,[0.]
0.18,35,83.34304318,-40.53765478,136.1467168,-66.40667443,5,51.16504646,20,24.94103958,2.5,0.063682099,49.45052482,112.8828268,[0.]
0.18,36,99.97669388,-7.993524179,122.4200622,10.7422469,5,59.49514077,20,30.48036291,2.5,32.10583788,12.67887874,208.967114,[0.]
0.18,37,100,0,127.4408608,-10.21796882,5,43.5511668,20,41.01687311,2.5,40.01924853,16.29913573,263.5823242,[0.]
0.18,38,99.9753261,-8.164414471,124.8934659,3.492796483,5,61.68413884,20,32.24175996,2.5,31.77532937,13.4857953,386.5562122,[0.]
0.18,39,99.97904601,-11.11419861,134.283446,-48.39797115,5,79.84742647,20,44.81348846,2.5,25.42662336,24.53922594,395.4196013,[0.]
0.18,40,99.91968601,-24.39071778,158.6118015,-55.81696656,5,58.66850145,20,70.58499415,2.5,0.060346962,48.48184783,130.4055629,[0.]
0.18,41,99.91433841,-23.68821553,157.2146447,-55.78333578,5,59.09004726,20,67.72340874,2.5,1.028888819,49.87361008,133.9220448,[0.]
0.18,42,100,0,120.3181402,58.71070808,5,60.23509922,20,19.59989796,2.5,43.63053255,2.211353796,60.05094551,[0.]
0.18,43,100,0,120.0726691,70.84246859,5,49.71683323,20,15.88084344,2.5,43.91858658,5.251695849,92.55286182,[0.]
0.18,44,91.73059792,-36.29727388,132.6828573,-40.76421691,5,78.15922277,20,25.07332524,2.5,4.292075234,45.49740983,81.34918602,[0.]
0.18,45,100,0,119.864076,79.56779619,5,54.64192443,20,12.98128178,2.5,44.30286535,3.482254174,83.75986934,[0.]
0.18,46,99.9954938,-20.44788225,166.8729669,-55.77521118,5,49.24159705,20,81.16696168,2.5,0.740270609,48.53225368,135.7534776,[0.]
0.18,47,72.19878874,-41.00023171,141.6276379,-75.75685421,5,19.18356456,20,19.46162656,2.5,0.097650894,49.62033434,128.9730641,[0.]
0.18,48,99.99994776,-0.682241617,124.5999164,14.15639459,5,46.52451131,20,31.85385845,2.5,39.29265395,13.96114716,263.5823242,[0.]
0.18,49,90.97181789,-37.98731237,130.6149403,-50.32488893,5,78.15922277,20,26.61573362,2.5,2.462263329,42.92035733,81.47328982,[0.]
0.18,50,73.68377542,-41.13630592,140.2595901,-74.67710172,5,28.46114659,20,18.2570249,2.5,0.070737977,49.66085551,136.5852022,[0.]
0.18,51,99.99998309,-0.310959683,124.523233,15.69839059,5,43.5511668,20,32.46385769,2.5,39.6086576,13.28821964,263.5823242,[0.]
0.18,52,99.97983541,-22.2200676,164.3319476,-55.78428679,5,49.24159705,20,78.57271834,2.5,0.151174504,48.53225368,135.7534776,[0.]
0.18,53,63.71893222,-42.08012157,144.9573705,-82.49222898,5,27.94095892,20,6.104753171,2.5,0.228164125,49.07405231,145.3171484,[0.]
0.18,54,99.99414009,-5.333978188,130.6331992,-30.60071565,5,80.85237769,20,43.64859631,2.5,33.57207539,13.91461617,393.3529009,[0.]
0.18,55,91.66993762,-36.34310086,132.996767,-40.94384683,5,78.15922277,20,25.07332524,2.5,4.246248262,45.9093009,81.34918602,[0.]
0.18,56,87.13135564,-39.26624396,158.2333898,-60.89536289,5,60.16103733,20,25.71175549,2.5,0.505893912,49.44453517,643.3159013,[0.]
0.18,57,85.66951173,-40.20753395,160.977008,-62.91099132,5,59.50493527,20,25.71175549,2.5,0.323960468,49.44453517,654.8202372,[0.]
0.18,58,65.81347466,-42.2549594,138.2034927,-84.56663477,5,37.81035713,20,6.59480224,2.5,0.008917929,49.39460437,62.03327664,[0.]
0.18,59,100,0,123.0873989,21.96701341,5,59.80096212,20,26.61984923,2.5,43.91858658,13.08807739,92.55286182,[0.]
0.18,60,97.57286719,-35.01256475,181.6167177,-56.30278264,5,68.04370373,20,92.12546748,2.5,0.761123897,49.47242162,8.223365625,[0.]
0.18,61,99.99838255,-3.37251545,136.0782,-44.70883763,5,77.57359123,20,44.32331588,2.5,35.47239488,24.72194924,390.2144868,[0.]
0.18,62,85.08260701,-40.16017211,132.0823931,-61.97115826,5,62.17391583,20,24.29745534,2.5,0.499486531,49.39308109,20.0025878,[0.]
0.18,63,100,0,129.1071956,-26.44805089,5,65.78062326,20,44.60631194,2.5,39.80748327,13.97603018,263.5823242,[0.]
0.18,64,98.95503503,-35.11810715,154.6462534,-55.84760494,5,26.59186706,20,74.58349226,2.5,0.9846187,47.11170226,85.4603199,[0.]
0.18,65,99.99638728,-4.429619416,121.0157164,29.58219656,5,61.09197265,20,24.52338094,2.5,36.20956579,10.5505492,124.2683502,[0.]
0.18,66,72.73438347,-41.37287952,137.8862235,-75.77733703,5,33.12680811,20,15.76108603,2.5,0.060346962,49.06173031,104.2911524,[0.]
0.18,67,99.97733191,-11.14329424,134.1124972,-47.5750752,5,79.81118692,20,44.38611481,2.5,25.42662336,24.53922594,395.4196013,[0.]
0.18,68,76.15338182,-40.25268593,134.3782679,-63.1364172,5,27.21292377,20,20.38723555,2.5,0.761317769,49.66044518,12.65948622,[0.]
0.18,69,99.99683636,-4.252236529,121.9582319,24.11404298,5,61.09197265,20,26.48081214,2.5,36.20956579,12.9610508,37.7629634,[0.]
0.18,70,99.99164799,-21.16443718,169.3572551,-55.77863724,5,60.33633717,20,80.94572819,2.5,0.047198988,49.23308359,133.9220448,[0.]
0.18,71,71.39960574,-42.16030535,138.3573392,-77.21403298,5,59.61952978,20,7.096343159,2.5,0.058122218,49.05817116,129.816592,[0.]
0.18,72,99.95653238,-21.82572465,162.064176,-55.78436082,5,60.33633717,20,72.63269178,2.5,0.761317769,49.90368504,133.9220448,[0.]
0.18,73,69.08407078,-42.40297749,139.615296,-79.6989221,5,59.62843405,20,4.393890816,2.5,0.060346962,49.39460437,129.6451029,[0.]
0.18,74,99.58472985,-36.32350818,153.100493,-55.88463808,5,61.13944209,20,63.74595656,2.5,0.761317769,49.84648163,102.9281113,[0.]
0.18,75,99.71770077,-22.62663279,162.7839288,-55.81115782,5,27.21292377,20,81.17521153,2.5,0.778454981,49.88154154,118.0884502,[0.]
0.18,76,91.33876411,-37.6558992,130.5297243,-48.82692369,5,78.15922277,20,26.61573362,2.5,2.793676497,42.92035733,81.47328982,[0.]
0.18,77,79.64494779,-39.93052192,143.3922165,-69.922346,5,38.88432287,20,22.95815438,2.5,0.010201575,49.39460437,250.4760657,[0.]
0.18,78,78.13787226,-41.13630592,135.9206298,-70.58836549,5,49.84678711,20,18.2570249,2.5,0.070737977,47.21096849,133.4812899,[0.]
0.18,79,87.10816122,-39.17175394,136.7138888,-62.13896954,5,39.08373684,20,37.41251018,2.5,0.299415267,49.39296174,11.87748072,[0.]
0.18,80,80.40599769,-40.57144545,148.9460295,-69.06818576,5,37.51530317,20,24.94103958,2.5,0.029891431,46.31776763,419.0504944,[0.]
0.18,81,69.84426442,-40.79646849,146.0502409,-79.7039669,5,45.74668343,20,8.577163517,2.5,0.008917929,49.39460437,250.4760657,[0.]
0.18,82,97.53749112,-35.03401001,181.1943161,-56.33643913,5,67.68571718,20,92.12546748,2.5,0.739726563,48.77702805,8.223365625,[0.]
0.18,83,99.99937526,-2.298626694,120.89318,35.27237248,5,48.31245101,20,25.66416921,2.5,38.23718,10.45797661,79.84187179,[0.]
0.18,84,70.88211113,-42.20140738,137.8447294,-77.69622788,5,60.06033687,20,6.59480224,2.5,0.062469947,49.39460437,106.0940822,[0.]
0.18,85,89.01002972,-38.51261747,145.3370852,-59.90892495,5,30.48375702,20,38.32970331,2.5,0.504028053,49.67300406,284.7779746,[0.]
0.18,86,99.82794116,-35.47619865,168.6013444,-55.8677588,5,60.22885205,20,80.94572819,2.5,0.049979844,47.71055908,133.9220448,[0.]
0.18,87,66.71641347,-42.23012527,148.1746675,-83.42567833,5,38.62071144,20,6.86884834,2.5,0.008917929,49.42059258,250.4760657,[0.]
0.18,88,96.24924297,-37.33573761,142.3643318,-57.03117888,5,30.97405361,20,55.41549848,2.5,0.503996455,49.39460437,81.35103472,[0.]
0.18,89,70.25738729,-42.28112244,138.8094655,-78.43676918,5,59.61952978,20,5.763119032,2.5,0.058122218,49.05817116,129.816592,[0.]
0.18,90,85.71757999,-40.17447274,137.3239301,-62.62269572,5,59.8439597,20,25.66293299,2.5,0.361445985,49.39460437,142.4739633,[0.]
0.18,91,88.63663787,-39.41105059,146.878276,-62.58014462,5,35.1470716,20,37.37318698,2.5,0.063682099,46.27211261,395.2522504,[0.]
0.18,92,79.33196717,-40.92950366,137.1958653,-69.28179626,5,48.22470113,20,20.24211498,2.5,0.097650894,49.04012492,128.9730641,[0.]
0.18,93,99.99937526,-2.298626694,121.0935432,35.25747313,5,48.31245101,20,25.66416921,2.5,38.23718,10.45797661,104.3191029,[0.]
0.18,94,100,0,121.0735715,40.8652556,5,59.51436063,20,22.0243231,2.5,43.63146084,8.564944541,60.05094551,[0.]
0.18,95,66.41927439,-42.23012527,148.8943646,-83.79806127,5,38.88432287,20,6.86884834,2.5,0.008917929,49.39460437,250.4760657,[0.]
0.18,96,99.99809785,-3.799107584,130.9180686,-32.51872555,5,80.85237769,20,43.64859631,2.5,35.10694599,14.60563728,393.3529009,[0.]
0.18,97,64.1618934,-42.20543372,142.8460643,-85.66844644,5,30.15876653,20,6.59480224,2.5,0.058443605,49.39297179,116.4030498,[0.]
0.18,98,96.05313945,-37.33573761,142.5515271,-57.11384984,5,30.47246512,20,55.41549848,2.5,0.503996455,49.39460437,81.35103472,[0.]
0.18,99,89.95927278,-37.39616363,131.8362535,-47.03443502,5,53.62594384,20,30.01337281,2.5,2.745517191,42.82682405,106.6083815,[0.]
0.48,0,99.89389939,-15.9285065,131.1755405,-41.88587223,5,63.62227786,20,46.56484401,2.5,22.71327601,24.04670329,270.0834175,[0.]
0.48,1,100,0,156.7699962,-55.77410695,5,77.91371381,20,52.31123149,2.5,42.35843418,41.61052341,404.3782554,[0.]
0.48,2,100,0,119.5450198,82.53130144,5,37.25279229,20,17.23738266,2.5,44.60958925,1.046943023,85.27907451,[0.]
0.48,3,100,0,119.4861441,84.79313827,5,37.25279229,20,16.85344913,2.5,44.60958925,0.482805881,73.290053,[0.]
0.48,4,99.92048769,-11.36518983,121.9806092,20.91418581,5,68.99759047,20,24.6908343,2.5,29.25882071,16.39930375,36.48617333,[0.]
0.48,5,99.9302348,-12.76375002,128.7189449,-33.96047463,5,82.68408565,20,39.75624452,2.5,26.1600449,20.41343646,261.4675886,[0.]
0.48,6,100,0,119.8256652,72.25039421,5,51.74005807,20,17.23738266,2.5,44.60958925,1.130387394,195.1194557,[0.]
0.48,7,99.99998082,-0.352614177,120.1233117,60.55377528,5,51.73380534,20,17.6663146,2.5,40.90796003,8.084926229,36.67676474,[0.]
0.48,8,99.99850208,-3.173436947,121.1061599,30.41014559,5,38.91813697,20,31.61211664,2.5,36.82336532,7.51819622,91.20032306,[0.]
0.48,9,100,0,152.4537877,-55.76315138,5,75.42625268,20,47.07778894,2.5,48.47279534,35.03384505,618.0174562,[0.]
0.48,10,100,0,148.1702776,-55.71502591,5,62.30342481,20,55.00416373,2.5,27.02518739,31.54677826,545.8508162,[0.]
0.48,11,99.92978719,-11.23511002,122.6032566,-0.178253211,5,59.40864983,20,33.61128042,2.5,28.58052754,15.61815473,114.3140765,[0.]
0.48,12,99.92050235,-11.35920156,121.9468509,21.36420941,5,68.23016624,20,24.6908343,2.5,29.26480898,16.39930375,36.48617333,[0.]
0.48,13,99.96264458,-9.239664788,122.3515686,2.732513958,5,58.41194901,20,33.61128042,2.5,30.57597277,13.80307171,114.3140765,[0.]
0.48,14,99.96036871,-11.84809117,132.3814769,-41.3617339,5,84.6754941,20,40.5911066,2.5,27.02518739,25.35100249,297.279673,[0.]
0.48,15,99.97611519,-8.487343789,127.3576591,-24.93405371,5,79.32441886,20,40.74816351,2.5,30.68154771,16.47677859,118.2109638,[0.]
0.48,16,99.95818531,-12.45420752,129.7687119,-38.77608446,5,63.62227786,20,46.56484401,2.5,26.18757499,20.4267403,270.0834175,[0.]
0.48,17,99.96758116,-12.30585809,129.9004958,-39.62547024,5,63.62227786,20,46.94878132,2.5,26.18757499,20.4267403,271.8289011,[0.]
0.48,18,99.99817374,-3.457456435,120.4319412,38.20946627,5,38.91813697,20,28.47794392,2.5,36.82336532,7.552520748,91.23724873,[0.]
0.48,19,100,0,155.3846557,-55.76810882,5,61.03911356,20,61.81748202,2.5,40.91796785,34.85027968,383.0752057,[0.]
0.48,20,99.99545013,-4.998398813,129.7537201,-29.34946721,5,56.35731526,20,45.91090643,2.5,33.70264368,16.7678569,349.6082756,[0.]
0.48,21,100,0,119.5481988,82.36464612,5,37.25279229,20,17.23738266,2.5,44.60958925,1.130387394,85.25074067,[0.]
0.48,22,99.99937765,-5.958454849,144.0553208,-55.2611226,5,75.0799658,20,54.98865383,2.5,27.02518739,30.01299481,317.3279774,[0.]
0.48,23,100,0,153.6700808,-55.76675795,5,61.09247611,20,52.20971952,2.5,29.06066304,35.28492238,701.5766129,[0.]
0.48,24,99.97137085,-10.11015754,129.1695141,-34.22430152,5,63.84538297,20,48.49055937,2.5,28.35711618,16.03391099,210.7418845,[0.]
0.48,25,99.99959563,-4.604592792,139.1538469,-53.6457413,5,72.55808934,20,54.10339923,2.5,28.50196379,25.28863181,297.5279641,[0.]
0.48,26,99.9999711,-0.531420801,121.6566687,47.24677967,5,69.2576773,20,17.2672609,2.5,40.76531575,11.06307694,69.7353475,[0.]
0.48,27,99.99305009,-5.450439942,124.7958092,-4.081358692,5,65.91003874,20,32.83274908,2.5,34.43574832,18.39367168,113.5506581,[0.]
0.48,28,99.99159415,-7.482572355,128.2283983,-26.91944334,5,57.13360187,20,47.14929992,2.5,30.99966029,13.67759211,297.8819018,[0.]
0.48,29,99.99753765,-3.872765686,120.1949736,47.71849936,5,69.717101,20,18.04889849,2.5,37.35313868,8.166286646,52.05212089,[0.]
0.48,30,99.99810102,-3.891341393,135.4239936,-48.33658436,5,63.60884496,20,49.49464521,2.5,32.75542824,25.23192501,316.8502155,[0.]
0.48,31,100,0,142.5862646,-55.15065838,5,63.30752473,20,54.08333034,2.5,30.63085448,24.85099978,594.4046937,[0.]
0.48,32,100,0,146.3496052,-55.51096804,5,53.68934639,20,61.81748202,2.5,27.28064172,29.44367025,356.7974241,[0.]
0.48,33,99.93586686,-11.17396576,124.646225,-11.52436213,5,55.81089455,20,38.34156488,2.5,28.21301229,16.29343006,212.178502,[0.]
0.48,34,99.98880414,-7.413058702,130.3271544,-37.37455812,5,66.61827699,20,48.81493387,2.5,31.02482012,16.68592509,232.1442509,[0.]
0.48,35,99.93915787,-11.04275216,124.7618619,-13.76207846,5,55.6688868,20,39.78473915,2.5,28.21344508,16.04760505,181.8582513,[0.]
0.48,36,99.98447168,-9.698160843,135.980286,-50.46270889,5,89.57447724,20,46.36022376,2.5,27.02516809,25.0137199,297.9577212,[0.]
0.48,37,99.99999083,-0.16861343,139.8652828,-53.52480921,5,67.46508794,20,55.35704237,2.5,32.78628717,25.14622846,297.5279641,[0.]
0.48,38,99.93195775,-11.1616054,122.8175717,-2.132073526,5,59.46234406,20,34.42240858,2.5,28.58052754,15.61815473,114.7627758,[0.]
0.48,39,99.99874033,-2.907725693,121.9765995,24.53386999,5,38.40029359,20,34.54425688,2.5,36.82336532,7.550844469,73.72721991,[0.]
0.48,40,99.9998498,-1.072323,125.0489794,9.772962297,5,35.51950431,20,40.51890064,2.5,38.11734435,8.358355427,317.8130909,[0.]
0.48,41,99.99952231,-1.967527459,124.4480269,11.46797568,5,49.32197378,20,31.5376341,2.5,38.03602443,16.97183534,132.9660508,[0.]
0.48,42,99.99618537,-7.888096229,137.1571123,-52.13652827,5,72.78297265,20,51.84227855,2.5,28.53998007,24.85207962,297.5198743,[0.]
0.48,43,99.97848427,-8.157566412,127.2669809,-23.31358653,5,79.32441886,20,40.74816351,2.5,31.01132508,15.52885395,118.2109638,[0.]
0.48,44,99.97075574,-8.609006002,124.1664566,-0.429531193,5,67.09994899,20,32.79286867,2.5,31.28079623,17.42446114,55.79580271,[0.]
0.48,45,99.94760869,-10.27342517,123.0079237,1.639683167,5,68.19829215,20,31.37232482,2.5,29.74510709,16.29062413,75.23840923,[0.]
0.48,46,99.98023036,-10.41936823,132.4590075,-45.96617108,5,65.8695499,20,50.67584332,2.5,26.13182566,20.42426816,296.9290078,[0.]
0.48,47,99.9948756,-5.838362243,129.3081815,-29.98732244,5,64.07760529,20,47.14929992,2.5,32.6429408,13.67759211,316.8502155,[0.]
0.48,48,99.99999792,-0.038334986,122.0883855,39.78135934,5,84.34395924,20,18.66695892,2.5,41.13156059,8.067429367,36.67676474,[0.]
0.48,49,99.99860876,-3.131925702,126.1523135,-6.784917736,5,80.75045714,20,32.79286867,2.5,36.75787653,17.46503255,55.79580271,[0.]
0.48,50,99.98957474,-8.025002828,131.8757586,-41.2397309,5,56.31645628,20,53.92904966,2.5,28.35982993,16.19995916,297.5279641,[0.]
0.48,51,99.99910343,-2.684617222,123.5946917,16.25357911,5,67.98760224,20,26.48183668,2.5,37.77709225,16.55187533,44.1856022,[0.]
0.48,52,99.99900925,-2.544764525,123.3069488,15.13170667,5,37.46689503,20,38.5106791,2.5,36.82688835,8.200392299,91.20032306,[0.]
0.48,53,99.98644353,-8.875925277,129.6464051,-36.73824884,5,67.86917999,20,47.56497975,2.5,29.57985072,16.68592509,253.469283,[0.]
0.48,54,99.97948457,-8.337821641,126.7088062,-20.29847307,5,68.9448239,20,38.58195396,2.5,30.65849227,16.42217414,297.2391293,[0.]
0.48,55,99.97793308,-10.53933573,133.8941808,-48.29172138,5,81.88077405,20,46.71415533,2.5,26.18757499,24.05859352,271.8112527,[0.]
0.48,56,99.94849581,-10.81753812,125.7164558,-15.86791482,5,62.04951593,20,38.58195396,2.5,28.54765581,15.80568832,297.2391293,[0.]
0.48,57,100,0,120.4074836,54.07885163,5,43.87536204,20,22.83655716,2.5,41.5288452,4.779664567,245.9139061,[0.]
0.48,58,99.99940256,-5.805789571,144.4329929,-55.29038887,5,75.0799658,20,54.98865383,2.5,27.17785267,30.46052549,317.2813546,[0.]
0.48,59,100,0,145.6812968,-55.20641882,5,68.11962281,20,54.06782044,2.5,29.74064613,25.14426702,690.1182151,[0.]
0.48,60,99.94501402,-11.03471937,125.1507373,-18.50977688,5,63.94388625,20,39.78473915,2.5,28.22147788,16.03391099,181.8582513,[0.]
0.48,61,99.95439036,-9.956940834,123.8819624,-8.412813977,5,68.99759047,20,34.5508777,2.5,29.7735502,16.39930375,117.7657891,[0.]
0.48,62,100,0,120.3553824,54.98470118,5,43.87536204,20,22.50276203,2.5,41.5288452,4.779664567,245.9139061,[0.]
0.48,63,99.99884249,-2.782167687,122.3704466,20.70599233,5,38.91813697,20,35.92979729,2.5,36.82336532,7.51819622,91.22865689,[0.]
0.48,64,99.95417915,-11.27753382,127.8889115,-27.29365705,5,79.32441886,20,39.54089368,2.5,28.00076076,16.47677859,329.3059051,[0.]
0.48,65,99.99973039,-1.670889227,121.6993402,43.8379954,5,84.34395924,20,17.2672609,2.5,39.62584732,8.067429367,36.67676474,[0.]
0.48,66,99.93937575,-11.02713814,125.0992917,-14.61995761,5,63.49449998,20,39.8683985,2.5,28.22147788,16.03391099,89.74825107,[0.]
0.48,67,99.94720284,-11.304549,125.7231215,-18.7538711,5,62.50153915,20,39.37384687,2.5,27.98888341,16.47677859,263.6813472,[0.]
0.48,68,99.99987805,-2.242263966,140.7443203,-53.99665914,5,84.6754941,20,52.63885758,2.5,31.02551073,25.35100249,297.279673,[0.]
0.48,69,99.98212221,-9.739158269,134.4080234,-48.57503261,5,79.77043127,20,46.36022376,2.5,27.02518739,25.01268203,297.9577212,[0.]
0.48,70,99.99010614,-6.609765689,127.9210756,-21.75562515,5,68.38305577,20,38.58195396,2.5,32.75542824,17.87326063,316.8502155,[0.]
0.48,71,99.9880491,-7.742836079,130.1643742,-37.2503486,5,66.61827699,20,48.81493387,2.5,30.69504274,16.48874427,232.1442509,[0.]
0.48,72,99.99382269,-7.786051224,131.032929,-38.03337523,5,59.75442578,20,47.8445822,2.5,30.65398203,18.12176307,391.9224809,[0.]
0.48,73,99.99897279,-2.633448527,123.8318681,6.589122664,5,51.95416082,20,37.57092247,2.5,36.82336532,8.200392299,210.2859113,[0.]
0.48,74,99.96650334,-9.066732477,124.0125811,-8.412496444,5,68.99759047,20,34.5508777,2.5,30.66375855,16.39930375,117.7657891,[0.]
0.48,75,99.96477621,-9.151879009,123.7900947,-5.973111193,5,68.99759047,20,33.61128042,2.5,30.66375855,16.39930375,114.3140765,[0.]
0.48,76,99.95228216,-11.25000373,127.9314918,-27.16118163,5,79.32441886,20,39.54089368,2.5,28.02829085,16.47677859,329.0503718,[0.]
0.48,77,99.9973839,-7.188317166,136.1401407,-50.02280972,5,56.29414375,20,53.92021009,2.5,28.50196379,25.14622846,284.5213276,[0.]
0.48,78,99.96006283,-9.844505603,126.5370473,-20.9283307,5,85.92019767,20,37.38382461,2.5,29.6292631,16.4438512,114.3140765,[0.]
0.48,79,99.98267087,-9.892377446,129.232825,-34.44199586,5,59.75442578,20,47.8445822,2.5,28.54765581,16.39947273,313.6633957,[0.]
0.48,80,99.94192241,-10.77573552,124.3717234,-10.67902415,5,59.01541867,20,39.05469613,2.5,28.54661839,15.64102511,94.65078148,[0.]
0.48,81,100,0,137.9423368,-49.86201601,5,68.86118832,20,54.22583715,2.5,28.88700983,16.18095705,725.1234236,[0.]
0.48,82,99.99935534,-5.731323049,140.3715226,-53.7674823,5,75.0327385,20,56.44211627,2.5,27.06134179,23.98564722,284.9926775,[0.]
0.48,83,99.99929748,-2.312921324,128.3961835,-17.58333953,5,41.11942635,20,48.84569656,2.5,36.12216978,12.2835794,254.0428201,[0.]
0.48,84,99.95060772,-11.304549,126.4696565,-22.84774735,5,69.08291016,20,39.37384687,2.5,27.98888341,16.9901832,273.1333332,[0.]
0.48,85,99.99873442,-2.915306922,122.171295,23.05787593,5,38.65731404,20,34.46059754,2.5,36.82336532,7.550844469,181.6072967,[0.]
0.48,86,99.9989859,-6.399859609,139.0285779,-53.65765823,5,84.56129728,20,51.44506547,2.5,27.02516881,25.35100249,297.279673,[0.]
0.48,87,99.98566977,-6.925502598,124.9289132,-10.2603238,5,80.86596605,20,33.61128042,2.5,32.89013496,15.71677222,108.1997559,[0.]
0.48,88,100,0,147.9277159,-55.64063395,5,69.06400378,20,55.00416373,2.5,27.02518739,29.57662308,555.3028019,[0.]
0.48,89,99.99973028,-1.670889227,121.674609,43.87368779,5,84.18180707,20,17.2672609,2.5,39.62584732,8.067429367,36.67676474,[0.]
0.48,90,99.9437128,-10.78993267,125.5227164,-13.87254527,5,59.01541867,20,38.58195396,2.5,28.57526126,15.64102511,297.2391293,[0.]
0.48,91,99.99349517,-5.365023028,125.5864485,-11.26774607,5,75.37783397,20,33.77533005,2.5,34.43574832,18.29328031,114.3140765,[0.]
0.48,92,99.99988641,-0.934501471,125.1328479,7.859693354,5,38.3873407,20,40.51890064,2.5,38.25516588,8.358355427,317.8130909,[0.]
0.48,93,99.99381382,-6.467594517,135.1787537,-49.23777707,5,84.9355404,20,46.76202441,2.5,30.2372522,23.01384032,327.3153336,[0.]
0.48,94,99.9898547,-7.943521503,132.6862108,-44.18094257,5,68.88734915,20,52.0100477,2.5,28.49686622,16.81543026,316.8968383,[0.]
0.48,95,99.93394913,-11.1730587,123.9995805,-8.863210524,5,72.3553894,20,34.5508777,2.5,28.55743233,16.3721488,95.74301167,[0.]
0.48,96,99.99132057,-7.043277923,134.6783459,-47.742319,5,69.66125097,20,49.25924795,2.5,29.58261734,25.49168588,232.9549475,[0.]
0.48,97,99.99108248,-7.101017532,134.1116263,-46.81376197,5,69.39441555,20,48.44811979,2.5,29.58261734,25.49168588,232.5062483,[0.]
0.48,98,99.96407632,-9.239664788,124.2625242,-9.040024509,5,75.37783397,20,33.61128042,2.5,30.57597277,16.39930375,114.3140765,[0.]
0.48,99,99.99992759,-0.779151232,133.7854326,-46.20593185,5,67.88896079,20,49.49464521,2.5,35.44667105,20.76843756,315.7847738,[0.]
0.48,0,85.88222447,-35.70842776,135.2596914,-18.79374485,5,29.19210903,20,28.48329058,2.5,4.57190948,42.49377398,5.500684778,[0.]
0.48,1,86.73969412,-37.61392485,135.7880613,-43.3036686,5,65.92361638,20,28.39107031,2.5,2.674769413,42.73105339,11.15431558,[0.]
0.48,2,100,0,183.1060938,-55.77410695,5,65.00874111,20,84.02695175,2.5,13.35906268,44.22439729,443.6869536,[0.]
0.48,3,99.99843743,-3.218168893,122.7502105,87.18469846,5,22.03208156,20,19.85343704,2.5,37.84420775,7.158353005,75.66271667,[0.]
0.48,4,99.99758385,-3.77135258,122.4259961,73.33780875,5,32.54804673,20,20.9020056,2.5,37.19600253,8.069098681,75.66271667,[0.]
0.48,5,99.8975703,-14.0213205,149.9410798,-32.9180916,5,64.25183892,20,68.17825173,2.5,23.1942416,22.06547378,92.10591898,[0.]
0.48,6,99.93041956,-18.91805041,171.7443764,-54.92949369,5,67.92784597,20,75.60813646,2.5,8.180683444,38.16075427,509.6546379,[0.]
0.48,7,99.98568848,-6.840103196,131.1583167,11.33064331,5,60.96506167,20,39.46728864,2.5,32.44486149,12.75791327,168.4565515,[0.]
0.48,8,99.99537165,-9.669817657,179.5472508,-55.74615332,5,65.86137591,20,81.47821478,2.5,5.052271182,44.27449907,443.1297053,[0.]
0.48,9,94.55955747,-30.69532771,134.9560988,-8.0929587,5,59.44069891,20,33.655902,2.5,9.116266234,35.73303773,23.46294304,[0.]
0.48,10,99.99929884,-2.289611575,124.3276967,60.27398404,5,21.98692787,20,29.18322996,2.5,37.92729699,8.107274208,75.66271667,[0.]
0.48,11,88.13792826,-36.05032384,137.1430434,-30.43098627,5,54.2806143,20,29.16126645,2.5,4.168575061,44.5062192,24.894251,[0.]
0.48,12,98.40677651,-32.22131918,159.878324,-51.15587372,5,67.17430267,20,67.20765556,2.5,5.052271182,43.81473208,155.7197673,[0.]
0.48,13,89.66769404,-34.86891994,136.5187402,-22.52266377,5,53.99967167,20,29.67810733,2.5,5.303142712,42.73105339,24.89816661,[0.]
0.48,14,87.47501795,-37.02080908,139.0207781,-36.66110577,5,72.22059941,20,25.83424879,2.5,3.499584968,43.0881968,96.63685194,[0.]
0.48,15,90.89203321,-33.74473072,138.6934045,-16.69525679,5,52.78949247,20,32.59381941,2.5,6.163109402,43.16154905,3.839252573,[0.]
0.48,16,97.33313777,-28.66727928,148.7285829,-29.08103882,5,64.35691784,20,49.27532228,2.5,9.728879037,43.76688634,96.28836057,[0.]
0.48,17,99.99958814,-1.734254445,126.1664474,35.191944,5,33.02756969,20,36.34138164,2.5,37.83398069,8.107274208,75.57420745,[0.]
0.48,18,86.95447764,-35.1596132,133.5541651,-14.5148081,5,30.21310956,20,28.32548188,2.5,5.135024696,39.56686155,18.51229747,[0.]
0.48,19,94.37658587,-31.19249662,140.4093545,-11.49690019,5,68.44121318,20,32.33129531,2.5,8.739133505,44.62054269,26.21199379,[0.]
0.48,20,87.63645146,-37.03396244,142.8894068,-38.69257649,5,67.17430267,20,27.97553205,2.5,3.292387997,44.53056288,162.0996755,[0.]
0.48,21,94.97186111,-30.46749126,135.9046088,-11.41980341,5,59.44069891,20,36.17009146,2.5,9.116266234,35.73303773,23.46294304,[0.]
0.48,22,92.77658847,-34.17216475,141.8189598,-35.68875034,5,59.33177834,20,41.98407555,2.5,4.884728101,43.06777135,23.4527914,[0.]
0.48,23,99.99920815,-2.542728584,124.6299039,39.23626111,5,64.96841132,20,26.42121286,2.5,37.92447463,7.836735847,66.01200352,[0.]
0.48,24,100,0,176.9990273,-55.11757008,5,58.3911247,20,85.70479603,2.5,19.85681803,35.05811927,473.1056959,[0.]
0.48,25,89.0189095,-35.99563402,137.7115633,-32.74832271,5,63.78339423,20,29.80504573,2.5,4.164925447,44.5062192,17.105548,[0.]
0.48,26,88.39746668,-34.84307292,135.7558496,-19.46128336,5,32.28199645,20,32.16048775,2.5,5.104035825,41.29244581,22.65835663,[0.]
0.48,27,94.11905197,-32.80289041,146.3433115,-35.04500849,5,35.26714494,20,51.65304948,2.5,5.411192048,43.28380857,79.27689804,[0.]
0.48,28,99.97094307,-10.80638277,174.9839611,-55.0968798,5,65.00874111,20,76.27314456,2.5,9.570053256,43.81473208,443.6869536,[0.]
0.48,29,95.49496181,-29.3915852,136.7595491,-1.964947162,5,58.2994132,20,33.09138927,2.5,10.47116503,36.38104686,74.36481958,[0.]
0.48,30,99.99190075,-8.488025264,173.2907272,-53.71835308,5,76.97001164,20,80.72997946,2.5,26.230557,35.51818255,300.4627844,[0.]
0.48,31,97.70526634,-28.59409871,155.6117811,-36.73885041,5,15.31267088,20,75.60813646,2.5,8.180815467,36.65398123,90.6971965,[0.]
0.48,32,96.52435453,-32.67394206,153.117692,-44.05478199,5,89.0488478,20,49.02041314,2.5,5.745316179,43.28380857,184.2464827,[0.]
0.48,33,99.85001133,-20.36602551,165.5791467,-48.76346197,5,40.11969532,20,84.01788212,2.5,14.03715081,36.51622894,185.8174708,[0.]
0.48,34,91.46063646,-33.74473072,140.5673797,-19.95083987,5,53.23083062,20,32.59381941,2.5,6.163109402,43.16154905,99.66788384,[0.]
0.48,35,99.9997189,-1.449790009,129.897452,14.43412549,5,64.96841132,20,39.37033867,2.5,37.84396031,8.107274208,75.66271667,[0.]
0.48,36,99.33110664,-25.60801268,163.3794485,-48.23017822,5,58.2994132,20,80.19523265,2.5,9.986175908,36.38104686,88.83179279,[0.]
0.48,37,99.06667936,-27.83300031,160.8542907,-49.21205376,5,66.95377603,20,75.60813646,2.5,8.176872039,36.4227475,91.34606142,[0.]
0.48,38,99.88580175,-18.92186181,169.819064,-54.58410683,5,67.92784597,20,75.60813646,2.5,8.176872039,36.4227475,494.8024327,[0.]
0.48,39,99.96468215,-13.67389771,160.131162,-44.15623585,5,64.99363457,20,75.84382092,2.5,23.08017995,22.00327355,443.6869536,[0.]
0.48,40,99.9990189,-2.810370522,124.0303311,46.10288409,5,64.96841132,20,23.43662257,2.5,37.92729699,8.107274208,75.66271667,[0.]
0.48,41,93.28223536,-33.71356239,143.494653,-34.38862769,5,59.78645285,20,42.5787652,2.5,5.289439546,45.23519409,23.46294304,[0.]
0.48,42,99.84353696,-21.69182213,169.2543808,-52.20308641,5,64.37331017,20,84.01788212,2.5,13.55595704,35.60912732,189.964063,[0.]
0.48,43,97.61560631,-28.73475003,155.3531606,-36.83909135,5,15.33803795,20,75.60813646,2.5,8.040160747,36.28489905,86.44472306,[0.]
0.48,44,99.99927148,-2.364168293,123.7188257,52.01542362,5,34.03140769,20,28.34134881,2.5,37.92903174,8.107608803,75.66271667,[0.]
0.48,45,99.94658552,-11.85312823,159.9003044,-41.37529112,5,64.17805041,20,81.258189,2.5,23.644735,22.06547378,92.10591898,[0.]
0.48,46,96.71155619,-31.94247289,158.9758364,-45.34084329,5,64.89586412,20,67.67750294,2.5,5.303142712,42.63809584,18.47830393,[0.]
0.48,47,99.99938136,-2.267509206,125.8186741,32.63385948,5,64.75183518,20,29.42713097,2.5,37.92729699,8.107274208,88.44508519,[0.]
0.48,48,95.69916432,-30.16921857,145.7238951,-23.49637154,5,43.31107734,20,49.22715374,2.5,8.231304787,44.5062192,22.65835663,[0.]
0.48,49,99.57725524,-24.55757316,160.4462831,-47.33559233,5,48.94160524,20,76.26407493,2.5,11.39285788,36.18090748,189.8949765,[0.]
0.48,50,93.12400267,-33.46879018,146.0700852,-28.24715138,5,67.17430267,20,36.50338974,2.5,6.084763741,44.53056288,161.9782461,[0.]
0.48,51,87.00448895,-37.53149834,136.2526901,-42.90616955,5,65.92361638,20,28.40841475,2.5,2.755624162,42.73105339,30.64876432,[0.]
0.48,52,98.82713541,-31.71733595,162.1600286,-52.38716279,5,65.62633125,20,70.04637533,2.5,4.796544529,44.53434178,170.665917,[0.]
0.48,53,99.45659165,-25.63925256,162.9505903,-49.31911967,5,65.00874111,20,70.15356374,2.5,9.570053256,43.81473208,192.2762322,[0.]
0.48,54,93.70628021,-32.13129968,138.873157,-18.74997819,5,59.44069891,20,36.17009146,2.5,7.452457812,41.48566891,23.46294304,[0.]
0.48,55,99.99883216,-2.997615351,124.0899204,44.511619,5,64.96841132,20,24.07587671,2.5,37.68212279,8.107274208,69.13058982,[0.]
0.48,56,89.18084365,-35.48411674,137.9421091,-29.63462338,5,50.6110379,20,32.16048775,2.5,4.462992006,44.5062192,22.65835663,[0.]
0.48,57,99.99842528,-3.258057177,122.5526703,79.5019853,5,30.98476535,20,19.3529346,2.5,37.84967512,8.112287339,75.66271667,[0.]
0.48,58,99.99997964,-0.374418288,123.1466076,75.14290264,5,33.47390386,20,20.05747716,2.5,40.66946819,8.071400904,110.7322902,[0.]
0.48,59,92.29737228,-34.07870093,141.1259108,-33.07426833,5,51.02397484,20,41.79460118,2.5,4.995362132,43.11817567,19.37941368,[0.]
0.48,60,91.78405356,-34.34098198,139.7501724,-30.84260688,5,58.26509307,20,37.41582025,2.5,5.129887267,43.16594339,16.77618295,[0.]
0.48,61,96.90772712,-32.00961332,157.496216,-46.06851849,5,66.71672576,20,66.03703068,2.5,5.334497379,42.73105339,24.89816661,[0.]
0.48,62,99.92175957,-11.19733191,170.9165088,-53.9496244,5,51.05276945,20,80.48020328,2.5,10.09680994,36.38104686,485.4269427,[0.]
0.48,63,92.40131969,-34.03570662,141.3660114,-33.38675446,5,51.02397484,20,42.26904613,2.5,4.995362132,43.11817567,19.71580978,[0.]
0.48,64,99.73001252,-24.20373391,166.3068079,-51.06352423,5,51.3480595,20,82.95785017,2.5,11.14010561,36.28623279,199.2895866,[0.]
0.48,65,99.99551987,-7.860117359,171.7082152,-53.48530164,5,76.97001164,20,82.18808829,2.5,26.44339307,33.32136296,251.0190088,[0.]
0.48,66,100,0,180.9152756,-55.7740817,5,51.3480595,20,82.10412252,2.5,10.09680994,36.28623279,801.0316643,[0.]
0.48,67,99.83108709,-20.87574466,165.3429052,-49.14021226,5,42.13825145,20,84.01788212,2.5,13.51503979,35.7892782,185.8174708,[0.]
0.48,68,99.99987027,-0.912129917,129.8356282,24.27632624,5,25.54830522,20,45.26053555,2.5,37.84784934,8.107274208,75.66271667,[0.]
0.48,69,99.9979345,-5.711008423,168.3404362,-51.16445007,5,63.39758273,20,84.50001948,2.5,28.13387553,22.30428584,517.9732576,[0.]
0.48,70,90.16828192,-35.11979147,137.3705485,-27.28437057,5,65.92361638,20,29.67810733,2.5,5.052271182,42.73105339,30.64876432,[0.]
0.48,71,91.7900188,-34.33287919,139.7219018,-30.79269439,5,58.24373057,20,37.41582025,2.5,5.137990062,43.11817567,16.77618295,[0.]
0.48,72,99.99965847,-1.638451761,128.0362459,20.81749037,5,65.02662104,20,36.34138164,2.5,37.92978337,6.694035229,74.70985697,[0.]
0.48,73,99.99243091,-5.515562932,132.2985808,8.44202872,5,52.2994722,20,43.29484367,2.5,33.4225478,12.75791327,175.5901259,[0.]
0.48,74,99.97248601,-9.920388428,174.4910725,-54.96507346,5,52.63986938,20,82.69703492,2.5,10.09680994,37.98102625,485.4269427,[0.]
0.48,75,96.37540293,-33.11506584,154.406625,-45.14272549,5,89.0488478,20,49.02041314,2.5,5.304192406,45.23816083,184.2464827,[0.]
0.48,76,99.80005943,-23.19268256,167.1965769,-51.6772344,5,51.45560392,20,84.02940948,2.5,11.14010561,36.49732684,199.2895866,[0.]
0.48,77,99.99924164,-2.085256782,131.6931708,12.7888029,5,35.47409039,20,48.58936747,2.5,36.37306292,8.071400904,101.3474701,[0.]
0.48,78,99.99995188,-0.503661197,136.8487601,0.571439842,5,43.07232224,20,54.61730692,2.5,37.53095983,8.333789359,250.5676122,[0.]
0.48,79,99.61892231,-26.50791328,166.4374072,-52.40554401,5,51.3480595,20,82.10863789,2.5,7.958384873,38.58704498,199.4324992,[0.]
0.48,80,96.31899223,-32.3047466,151.4149159,-42.69004518,5,57.07441967,20,55.62017525,2.5,5.667638023,44.53056288,111.9862163,[0.]
0.48,81,99.99912477,-2.581931146,123.279977,59.20473869,5,32.53284941,20,25.9574653,2.5,37.92729699,8.202055781,74.0298951,[0.]
0.48,82,99.99760619,-4.414995732,163.7843277,-43.95051387,5,63.46823701,20,76.68347648,2.5,32.28874786,22.15280112,530.4446166,[0.]
0.48,83,96.096466,-32.30423461,150.2092271,-42.35905082,5,65.92361638,20,56.05305796,2.5,5.640910459,42.73105339,30.53208111,[0.]
0.48,84,99.14739118,-27.0137795,157.0568041,-44.87881016,5,54.18273131,20,69.94468948,2.5,10.09680994,36.58456087,189.2500276,[0.]
0.48,85,95.50504607,-30.05367803,144.7992473,-20.77534153,5,36.27445426,20,49.651636,2.5,8.308378645,43.11552419,21.71954113,[0.]
0.48,86,99.95403908,-11.72987555,172.3407356,-54.66685232,5,59.27348314,20,80.19523265,2.5,9.986175908,36.38104686,492.2656239,[0.]
0.48,87,100,0,137.9712094,3.563164743,5,37.37640695,20,48.65624681,2.5,39.18103563,19.17527826,164.8831996,[0.]
0.48,88,93.87044217,-31.28548474,142.5530385,-15.93906511,5,31.85444496,20,43.70222476,2.5,7.615709018,44.5062192,22.65835663,[0.]
0.48,89,99.99679,-4.777629176,151.9489352,-34.54164927,5,64.28857424,20,68.06305718,2.5,32.44486149,21.8942385,168.4565515,[0.]
0.48,90,90.49809422,-34.82592563,137.3621352,-25.82587177,5,64.89586412,20,30.15255229,2.5,5.303142712,42.73105339,25.23456271,[0.]
0.48,91,95.59977397,-30.05367803,144.9082047,-21.69287222,5,38.59795918,20,49.651636,2.5,8.308378645,43.11552419,21.71954113,[0.]
0.48,92,100,0,131.423536,29.34236677,5,28.13880974,20,42.2032398,2.5,40.62849344,12.37326522,11.49565165,[0.]
0.48,93,99.99914091,-2.556800946,123.4154957,54.22156308,5,35.02678834,20,27.13026967,2.5,37.84614737,8.107608803,75.66271667,[0.]
0.48,94,90.70518285,-34.92686584,138.2471148,-29.95804316,5,59.24468853,20,33.655902,2.5,4.884728101,43.11817567,23.46294304,[0.]
0.48,95,99.99747438,-4.385453115,158.0671701,-38.08890343,5,63.46823701,20,77.17430496,2.5,32.28874786,22.15280112,84.33805647,[0.]
0.48,96,95.38245744,-33.34660461,150.1984596,-44.39968324,5,66.79829122,20,55.376561,2.5,4.639141235,43.11920084,24.51335012,[0.]
0.48,97,98.70846135,-32.22030961,160.523778,-52.01552234,5,74.71567358,20,67.20765556,2.5,5.052271182,43.81473208,149.3417154,[0.]
0.48,98,99.99837759,-3.294662574,122.4328025,79.2521522,5,32.54804673,20,18.97591894,2.5,37.84723497,8.069098681,75.66271667,[0.]
0.48,99,99.99507726,-4.869583737,143.6422083,-20.04756734,5,56.90226333,20,59.16337627,2.5,32.88956119,19.6751636,103.4280183,[0.]
0.48,0,100,0,183.8008559,-55.77410695,5,52.40601665,20,94.29069727,2.5,8.837458248,37.68489809,455.4828277,[0.]
0.48,1,91.10168551,-33.37114336,136.3531439,-12.93246791,5,43.57883898,20,31.84295226,2.5,6.604740528,37.85275708,95.46228286,[0.]
0.48,2,100,0,121.2893163,65.23173461,5,43.39306844,20,21.75040567,2.5,44.44293915,2.993586408,85.68500588,[0.]
0.48,3,100,0,122.3659493,61.55734753,5,43.62060571,20,22.38363557,2.5,43.769271,6.04208651,25.35198076,[0.]
0.48,4,94.5080491,-35.73099608,147.7924911,-50.48595478,5,86.84314623,20,47.25901127,2.5,2.847880822,42.13511354,90.49557177,[0.]
0.48,5,93.33571948,-33.16544351,140.7662604,-26.11360375,5,71.3567077,20,35.33531783,2.5,6.493961371,40.03532948,99.87341039,[0.]
0.48,6,100,0,125.2984457,44.6337854,5,68.77009922,20,24.10990866,2.5,44.69844995,5.58017705,228.6995925,[0.]
0.48,7,92.20859477,-32.88444314,137.5193583,-16.67510159,5,43.53138296,20,35.76533602,2.5,6.735993382,37.68376192,95.46228286,[0.]
0.48,8,100,0,126.1538378,32.87777835,5,42.01344639,20,35.77563733,2.5,41.79052082,5.445594224,132.4216438,[0.]
0.48,9,92.0854802,-33.08622294,137.1275141,-16.61139875,5,50.13456983,20,33.5389954,2.5,6.735965109,37.68376192,99.87341039,[0.]
0.48,10,94.08724663,-32.15657488,141.1611964,-25.88436097,5,45.05927817,20,43.79740764,2.5,6.735993382,38.80238054,94.07272722,[0.]
0.48,11,95.5541759,-31.13819032,145.7967391,-25.59346621,5,73.41690208,20,40.01825291,2.5,8.096845856,40.05049844,186.5259359,[0.]
0.48,12,100,0,127.4987047,30.03413274,5,42.01344639,20,35.77563733,2.5,41.79052082,8.737364375,132.4216438,[0.]
0.48,13,96.75356241,-29.62394045,145.9399762,-29.63221284,5,45.11789396,20,53.13244145,2.5,8.499779727,37.80553518,130.2244355,[0.]
0.48,14,100,0,122.5921971,58.3823408,5,51.6947139,20,21.7574276,2.5,44.38071697,5.58017705,62.79625218,[0.]
0.48,15,91.39692343,-33.27693877,136.5029748,-14.28427213,5,43.71796343,20,32.88250577,2.5,6.604740528,37.68376192,95.46228286,[0.]
0.48,16,94.70784769,-31.54495391,141.1777645,-20.12654302,5,73.41690208,20,35.52959131,2.5,8.096845856,40.05049844,95.46228286,[0.]
0.48,17,98.07708418,-34.63602559,161.3592717,-54.15817179,5,46.99502554,20,72.85241417,2.5,2.3005122,41.90942609,230.0987087,[0.]
0.48,18,95.87642241,-35.05230582,153.3591805,-52.86411142,5,46.99502554,20,65.9362294,2.5,2.3005122,41.90942609,70.49874922,[0.]
0.48,19,99.74179236,-21.50160002,156.1228554,-42.70815054,5,63.93703108,20,67.89586024,2.5,15.73100117,32.56170352,235.3863964,[0.]
0.48,20,100,0,123.3977765,51.5970418,5,68.56084876,20,21.7574276,2.5,44.38071697,4.149167121,63.43122149,[0.]
0.48,21,99.93401382,-11.02586889,132.3839519,6.624918158,5,75.1558359,20,37.91964191,2.5,28.39934392,17.08441462,66.36529356,[0.]
0.48,22,99.64011601,-26.65053578,165.0648099,-51.68988116,5,72.45144226,20,72.37959488,2.5,9.651907784,40.99769202,234.2455427,[0.]
0.48,23,99.9827696,-12.01948563,168.4661291,-47.93491358,5,51.48932842,20,74.12481043,2.5,22.53504046,42.5348072,309.3043004,[0.]
0.48,24,99.95127558,-10.16655256,135.3361956,-3.443755531,5,74.71990945,20,43.98364334,2.5,28.70913898,17.08441462,80.67515089,[0.]
0.48,25,100,0,128.0439453,23.60816754,5,51.69151401,20,37.98438029,2.5,42.60597189,6.110716232,97.91989748,[0.]
0.48,26,99.99992848,-0.894022802,121.7370866,61.55163119,5,43.62060571,20,22.38363557,2.5,39.93906664,6.04208651,25.35198076,[0.]
0.48,27,99.44539516,-24.2206438,153.9534169,-42.68048528,5,72.72832805,20,64.74428788,2.5,13.20047139,32.31392617,197.6888761,[0.]
0.48,28,99.54458532,-23.17730403,158.7290066,-44.60133436,5,89.03366234,20,65.72220682,2.5,14.1827681,37.62304763,99.87341039,[0.]
0.48,29,97.28158116,-31.14337146,150.7619751,-43.18451898,5,50.62023161,20,62.47890167,2.5,6.417055342,38.65457614,99.87341039,[0.]
0.48,30,97.83989467,-29.52879405,151.0118193,-40.26943339,5,50.6183045,20,62.67317515,2.5,8.019939827,38.6697451,95.46228286,[0.]
0.48,31,100,0,123.9361123,49.00843203,5,67.80998447,20,22.38363557,2.5,43.769271,6.04208651,25.35198076,[0.]
0.48,32,93.78718,-32.63393281,145.5731085,-28.40576507,5,45.37441708,20,43.99326653,2.5,6.240886666,40.82291167,183.9895562,[0.]
0.48,33,100,0,136.2871011,0.572104782,5,73.62435341,20,47.77201034,2.5,42.14724363,7.571335471,109.2376767,[0.]
0.48,34,98.94395802,-30.92414278,169.7018413,-53.50866797,5,51.40213222,20,86.20611224,2.5,4.125338445,42.30098631,92.43650183,[0.]
0.48,35,99.9997552,-3.762094943,173.4183391,-54.23196725,5,87.70646962,20,73.03407214,2.5,26.81630199,42.31215688,294.0675605,[0.]
0.48,36,99.47979078,-18.55221228,132.306439,13.25845051,5,59.32922306,20,35.52959131,2.5,21.08958749,23.2602723,95.46228286,[0.]
0.48,37,99.40735946,-20.7720849,144.0801453,-21.02549764,5,42.68243265,20,58.9603309,2.5,17.0011848,28.73963702,100.552018,[0.]
0.48,38,99.92263089,-15.90901163,159.6242223,-45.5130659,5,69.00862976,20,70.52262463,2.5,20.56171102,34.88783573,181.676,[0.]
0.48,39,99.94799561,-18.27523801,178.4013876,-54.44875864,5,45.37441708,20,95.80024227,2.5,10.99002492,38.65620316,227.5623857,[0.]
0.48,40,100,0,134.1619471,6.314981289,5,75.29285768,20,43.94206977,2.5,41.79052082,6.665088419,131.0320882,[0.]
0.48,41,95.08369214,-33.18204204,149.0083845,-43.56692796,5,36.1569648,20,61.23126967,2.5,4.455415049,40.72140623,44.04891528,[0.]
0.48,42,96.0730161,-31.51512469,146.0733239,-36.89824388,5,51.68701484,20,53.13244145,2.5,6.607716076,37.80553518,130.4635785,[0.]
0.48,43,99.78585077,-25.23420702,170.5233446,-52.93237617,5,43.46369907,20,88.34533411,2.5,8.849133213,37.68081416,226.3395168,[0.]
0.48,44,93.65488292,-32.88444314,139.3646275,-25.6198741,5,72.29955596,20,35.76533602,2.5,6.735993382,37.68376192,95.46228286,[0.]
0.48,45,99.75822988,-25.55177653,170.3333054,-52.65701074,5,39.42425991,20,88.8485731,2.5,8.521555294,37.68542202,230.5351801,[0.]
0.48,46,98.60753153,-27.41772436,153.5025051,-40.88054547,5,62.88347972,20,65.69940238,2.5,9.947221106,37.28582318,58.5169828,[0.]
0.48,47,99.96380963,-9.268228291,138.8825343,-10.31563898,5,45.05742732,20,56.20754431,2.5,28.67041174,17.14447173,105.9658152,[0.]
0.48,48,99.98229961,-13.13192684,168.5424833,-49.35868155,5,58.42720227,20,74.11690194,2.5,21.84365941,42.31215688,288.2223771,[0.]
0.48,49,100,0,132.6409367,10.3149459,5,62.23897828,20,43.80770895,2.5,42.60597189,6.360654507,196.8937871,[0.]
0.48,50,99.93886034,-17.68185061,172.1489704,-51.64680752,5,45.37441708,20,95.80024227,2.5,16.49820824,28.1645337,216.6210706,[0.]
0.48,51,100,0,130.4111523,16.62541673,5,45.00778057,20,43.80770895,2.5,41.79052082,6.55494089,131.0320882,[0.]
0.48,52,96.31667428,-31.1844682,146.2324122,-36.96042907,5,45.88839519,20,56.10248721,2.5,6.760383896,37.62304763,99.87341039,[0.]
0.48,53,99.99909163,-2.867207576,180.8489046,-55.3711828,5,52.40195762,20,95.89505978,2.5,16.40639006,31.34139462,455.4828277,[0.]
0.48,54,100,0,140.0288155,-8.789231774,5,73.61467349,20,47.76832285,2.5,40.07735094,16.70974125,180.5122246,[0.]
0.48,55,99.98422891,-7.088161858,138.5536832,-9.751000537,5,72.21598572,20,48.19513347,2.5,31.40588343,19.42035736,64.84788392,[0.]
0.48,56,99.99873688,-3.30158934,158.4057549,-38.9442826,5,47.39530919,20,74.0133933,2.5,33.56501636,31.04325197,138.2387292,[0.]
0.48,57,98.73317573,-30.22850648,159.2342589,-49.81789083,5,68.89994157,20,72.33912502,2.5,6.735993382,37.68376192,95.46228286,[0.]
0.48,58,91.36547673,-33.28916401,136.5471023,-14.291451,5,43.71796343,20,32.88250577,2.5,6.592515282,37.68376192,95.46228286,[0.]
0.48,59,99.01888791,-28.1918995,158.5759594,-46.56153484,5,45.99587862,20,74.12239887,2.5,8.668332574,37.21924083,167.7081264,[0.]
0.48,60,99.96894589,-8.933161875,143.2556588,-19.83383118,5,75.50320331,20,52.79707899,2.5,29.20667582,23.52743531,86.30554717,[0.]
0.48,61,93.74230256,-32.74325434,139.4568813,-24.92250546,5,72.29955596,20,35.76533602,2.5,6.877182181,37.68376192,95.46228286,[0.]
0.48,62,99.99576984,-5.765175679,163.2625546,-47.78117906,5,75.01626464,20,70.39882924,2.5,29.03588732,31.69511316,343.2215078,[0.]
0.48,63,99.98730732,-6.678622953,145.1630631,-23.08022101,5,75.50320331,20,55.4687715,2.5,31.30040748,23.52743531,86.30554717,[0.]
0.48,64,100,0,173.7468981,-52.79344977,5,83.23501703,20,83.1989067,2.5,40.14353495,30.27737823,233.7467075,[0.]
0.48,65,99.70404214,-20.28615573,158.6615458,-43.17503706,5,54.47837033,20,76.18451234,2.5,15.67148529,32.96976259,101.5749768,[0.]
0.48,66,95.05998173,-33.36996404,149.2940313,-44.52191854,5,39.63559496,20,61.23126967,2.5,4.267027361,40.72140623,37.14522949,[0.]
0.48,67,99.91320878,-13.76724032,159.3063854,-40.93113614,5,59.15079542,20,81.05037434,2.5,21.74945512,23.53884965,86.30554717,[0.]
0.48,68,100,0,132.3242854,10.39198369,5,62.23897828,20,43.80770895,2.5,40.54036426,6.360654507,196.7028701,[0.]
0.48,69,100,0,182.3157412,-55.77373883,5,68.46602612,20,91.63270486,2.5,15.71608412,34.80660326,422.4934311,[0.]
0.48,70,100,0,176.5522821,-53.50537174,5,84.42990445,20,74.07876308,2.5,44.13551074,42.24019545,289.879502,[0.]
0.48,71,100,0,137.9586179,-2.798244425,5,73.62435341,20,50.56590062,2.5,42.14724363,7.571335471,109.2376767,[0.]
0.48,72,99.8974494,-16.51438468,157.4748342,-40.40843386,5,52.00326348,20,70.52262463,2.5,20.56171102,34.88783573,181.8574923,[0.]
0.48,73,99.75947781,-19.52961811,156.6513283,-41.20960513,5,54.12485539,20,75.27816817,2.5,17.2599608,30.13679316,101.5510041,[0.]
0.48,74,99.89202679,-19.20422525,176.7444018,-54.28453459,5,39.42425991,20,95.80024227,2.5,8.505769968,37.68538894,247.566623,[0.]
0.48,75,98.42706669,-27.07378211,150.8708279,-35.24175929,5,50.62023161,20,62.47890167,2.5,10.48664469,38.65457614,68.15830346,[0.]
0.48,76,99.63652262,-26.83837965,166.4510138,-53.21640336,5,83.26998454,20,73.40599736,2.5,8.033866925,41.74171,180.5351897,[0.]
0.48,77,96.63584245,-33.37022168,153.2191137,-48.71247198,5,51.40213222,20,63.55487386,2.5,4.125338445,42.30098631,92.43650183,[0.]
0.48,78,96.51422568,-31.18368945,146.837713,-38.39777339,5,51.70552544,20,56.10248721,2.5,6.760383896,37.68376192,99.87341039,[0.]
0.48,79,99.98363714,-7.761318941,149.862333,-28.87480773,5,62.96964593,20,65.45241606,2.5,29.61848092,23.98219115,65.38319146,[0.]
0.48,80,99.39348276,-23.73152423,152.4350498,-38.71808568,5,58.89272138,20,64.74428788,2.5,13.69144314,32.56170352,197.5095346,[0.]
0.48,81,99.95709223,-14.6572938,170.3593274,-50.9331535,5,50.891719,20,91.60136422,2.5,19.15524334,29.74762179,184.9508682,[0.]
0.48,82,98.7543731,-29.44308632,157.0887524,-47.16820308,5,73.59808413,20,63.44663022,2.5,8.056017516,40.44004791,177.0302358,[0.]
0.48,83,99.99175092,-5.957709944,149.3656312,-28.08444818,5,70.08670626,20,65.70584522,2.5,31.40588343,19.42035736,64.12600362,[0.]
0.48,84,99.97923489,-17.21133446,179.1691848,-54.61457464,5,52.32606833,20,94.29069727,2.5,16.40639006,30.91072632,455.4828277,[0.]
0.48,85,99.99945014,-2.307879368,160.2777135,-44.91840606,5,90.74744331,20,67.10385663,2.5,34.96880282,29.91012838,193.3623759,[0.]
0.48,86,99.98711533,-6.702300794,144.8132251,-22.65070145,5,73.30728875,20,55.2840315,2.5,31.28814297,23.52743531,95.79413981,[0.]
0.48,87,97.60252971,-28.79577137,149.0078892,-34.46487257,5,43.46369907,20,61.23126967,2.5,8.840707559,38.35019148,62.51692359,[0.]
0.48,88,97.41650098,-30.58735436,151.0407028,-41.61103853,5,50.62023161,20,61.69189071,2.5,7.020442067,39.74420354,99.87341039,[0.]
0.48,89,99.13934924,-30.7397046,171.5308653,-53.93995403,5,51.70552544,20,88.24139912,2.5,4.125338445,42.30098631,101.2220064,[0.]
0.48,90,99.27627829,-28.25995737,162.1726479,-48.62197139,5,51.50182206,20,73.40599736,2.5,8.642657313,42.5348072,180.5351897,[0.]
0.48,91,99.56754453,-20.77535691,150.7120578,-33.10127873,5,55.82860238,20,64.65758819,2.5,16.65323905,32.96976259,79.96250845,[0.]
0.48,92,99.89424083,-15.19724507,154.8849629,-38.55257404,5,56.47810942,20,69.98479604,2.5,21.9106231,31.0297227,137.1231411,[0.]
0.48,93,100,0,129.5271086,19.92638694,5,51.69151401,20,40.2199766,2.5,42.60597189,6.110716232,186.8380528,[0.]
0.48,94,98.60999389,-26.65776382,151.5120583,-35.6614901,5,50.62023161,20,62.47890167,2.5,10.90266298,38.65457614,99.87341039,[0.]
0.48,95,100,0,129.5471335,17.62161677,5,68.55764886,20,37.98438029,2.5,40.13133053,6.110716232,98.55486679,[0.]
0.48,96,98.12984194,-28.97718323,151.2599145,-40.51975547,5,55.54426039,20,62.47890167,2.5,8.582584383,38.15814725,99.87341039,[0.]
0.48,97,99.98116428,-8.171897775,149.4561175,-30.26290377,5,75.50320331,20,65.44491282,2.5,29.20667582,19.11954624,85.58366687,[0.]
0.48,98,100,0,131.3654591,14.0151589,5,47.70811485,20,46.16916771,2.5,42.14724363,4.9347718,105.0908434,[0.]
0.48,99,100,0,135.5894572,3.989513097,5,73.16453198,20,47.64520516,2.5,42.14724363,5.211362835,118.5726608,[0.]
